Tên sản phẩm,Loại sản phẩm,Mã sp,Đơn vị,SL,,
Nam châm tủ lạnh,Thủ công mỹ nghệ,KG03,chiếc,762,,
Thuốc lá bao Lotus Trầm (20 điếu vỏ vàng),"Xì Gà, Thuốc Lá",8936031838812,Bao,302,,
Bưu ảnh( Post ảnh),Thủ công mỹ nghệ,KG/ANH,chiếc,266,,
Đũa gỗ khảm trai,Đũa,SM/DUA,Đôi,220,,
Nam châm tăm,Thủ công mỹ nghệ,KG02,chiếc,201,,
Thuốc lá Trump Silver demi BCNĐ,"Xì Gà, Thuốc Lá",8936031837396,Bao,173,,
Đũa dừa khẩu,Đũa,DUA/D/K,Đôi,170,,
Xì gà Domica slim (30 điếu/hộp),"Xì Gà, Thuốc Lá",8936030311156,Hộp,160,,
Đũa thốt nốt,Đũa,DUA/TN,Đôi,160,,
Thìa men kem,Hàng Gốm Sứ,THDTH001,Cái,151,,
Xì gà Lotus Slim (Hộp giấy 30 điếu),"Xì Gà, Thuốc Lá",8936031838690,Bao,146,,
Đũa gỗ đầu ngọc,Đũa,DUA/G/DN,Đôi,130,,
Bookmark ảnh,Thủ công mỹ nghệ,KG01/A,chiếc,127,,
Bookmark tre,Thủ công mỹ nghệ,KG01,chiếc,110,,
Thìa vẽ các loại L1,Hàng Gốm Sứ,ATVE01,Cái,95,,
Thìa cf các loại,Hàng Gốm Sứ,ATCF01,cái,92,,
Đĩa muối men kem cl,Hàng Gốm Sứ,T/DM/MK,cái,86,,
Gác đũa các loại,Hàng Gốm Sứ,gdcl,Cái,79,,
Thìa cà phê vẽ CL N,Hàng Gốm Sứ,ATCF01N,Cái,79,,
Thuốc lá bao Lotus Xì Gà Supper Slim BCNĐ 20 điếu/bao,"Xì Gà, Thuốc Lá",8936031835736,Gói,79,,
Thuốc lá bao Lotus Slim- NĐ,"Xì Gà, Thuốc Lá",8936031838799,Bao,72,,
đĩa muối vuông vẽ CL,Hàng Gốm Sứ,T/DMV/CL,cái,71,,
Bookmark to,Thủ công mỹ nghệ,KG01/L,chiếc,70,,
THÌA CF CL,Hàng Gốm Sứ,THCF/CL,Cái,64,,
Mũ lưỡi trai cờ đỏ sao vàng,"Nón, Nón treo",MLTCDSV,Cái,63,,
Gác đũa vẽ CL N,Hàng Gốm Sứ,AGD/01N,Cái,63,,
ĐÔI ĐŨA SỨ,Đũa,T/DDUA/SU,ĐÔI,61,,
Hạt điều hộp xếp hình hoa,"Đồ Ăn, Thức Uống",HD/H,Hộp,56,,
Cốc lọc trà TM,Hàng Gốm Sứ,CLTM01,chiếc,49,,
"Áo T-shirt 5 cỡ (quang gánh, bản đồ, cô gái AD, phở)",Quần Áo,FV/A,Cái,49,,
Cốc lọc CF TM,Hàng Gốm Sứ,CFTM01,Cái,48,,
Ví 2 khoá cô gái KT: 17x21,"Túi xách, Làn, Ví",V2KCG/17x21,Cái,48,,
Cốc sen HB,Hàng Gốm Sứ,HB/C/SEN,Cái,46,,
Gác đũa HB,Hàng Gốm Sứ,HB/GD,Cái,45,,
Rượu Thanh Long 19% 100ml,Rượu,8938528985559,chai,43,,
Gác đũa men xanh ngọc,Hàng Gốm Sứ,MXN/GD,Cái,40,,
Phin cà phê F8 đã in logo Thống Nhất,Phin CF,PCP/8/I/TN,cái,40,,
Ví nắp lượn KT: 12X19,"Túi xách, Làn, Ví",VNL/12X19,Cái,39,,
Bộ đũa bao gấm 5 đôi/1 vỉ,Đũa,DBG/5DOI,VỈ,38,,
Cốc lọc trà 2 lớp,Hàng Gốm Sứ,CLTM04,Bộ,37,,
MR.VIET Arabica - Cà Phê Rang Xay Túi 250g (MR.VIET Arabica - Ground Coffee 250g Bag),"Đồ Ăn, Thức Uống",8938506647851,Gói,37,,
Hít giấy xoắn 3D,Thủ công mỹ nghệ,HGX/3D,Cái,36,,
Rượu mơ Yên Tử 100ml 19%,Rượu,8936105590097,chai,35,,
Đĩa chấm men xanh ngọc,Hàng Gốm Sứ,MXN/DM,Cái,34,,
Lọ mini vẽ các loại,Hàng Gốm Sứ,T/LH/MN/VE,Cái,34,,
Rượu Sim Yên Tử 100ml 24%,Rượu,8936105590103/100,Chai,32,,
MR.VIET Good Morning Vietnam - Cà Phê Rang Xay Túi 250g (GM Vietnam - Ground Coffee 250g Bag),"Đồ Ăn, Thức Uống",8938506647882,Gói,32,,
Nón dây thổ cẩm,"Nón, Nón treo",ND/TC,Cái,31,,
Rượu mùa cốm 100ml,Rượu,8938528985320,chai,30,,
Rượu mận ủ (Rồng may mắn) 16% 100ml,Rượu,M1MU0716100,chai,29,,
"""MR.VIET Cà Phê Đường Phố - Cà Phê Rang Xay Túi 250g (MR.VIET Street Coffee - Ground Coffee 250g Bag)""","Đồ Ăn, Thức Uống",8936135431599,Gói,29,,
Chuông gió nhỏ,Hàng Gốm Sứ,CG01,cái,28,,
Cốc CF thẳng có quai,Hàng Gốm Sứ,CF/CT/CQ,cái,28,,
Bát cơm vẽ hoa cl,Hàng Gốm Sứ,ABCOM02,cái,27,,
Đèn lồng tỏi 30cm,Đèn lồng,DL/TOI/30,Cái,27,,
Cốc CF thẳng ko quai 4 màu,Hàng Gốm Sứ,CF/CT/4M,cái,27,,
MR.VIET Robusta - Cà Phê Rang Xay Túi 250g (MR.VIET Robusta - Ground Coffee 250g Bag),"Đồ Ăn, Thức Uống",8936135431773,Gói,27,,
Hộp trang sức SM hình chữ nhật KT 9x18,Hàng Sơn Mài,SM/HTS/9x18,Cái,27,,
Móc khóa len thỏ cờ,Len,LEN/MKTC,Cái,26,,
Bát mắm HB sen,Hàng Gốm Sứ,HB/BMM/SEN,cái,26,,
Áo dài thêu,Quần Áo,CL/AODAI/THEU,chiếc,26,,
MẸT F25 VẼ PHONG CẢNH CL,Thủ công mỹ nghệ,TMET2501,Cái,26,,
Gác rượu SM,Hàng Sơn Mài,SM/GRU,Cái,26,,
Cốc bút SM,Hàng Sơn Mài,SM/CB,Cái,25,,
"Áo dài hoa nhí, các loại",Quần Áo,CL/AODAI/HOA,chiếc,25,,
Phin cà phê F7 đã in logo Thống Nhất,Phin CF,PCP/7/I/TN,Cái,25,,
Rượu Hồng Liên 100ml,Rượu,8938528985962,chai,24,,
Cốc lipton có nắp,Hàng Gốm Sứ,CTM02,cái,24,,
Đèn lồng tỏi 40cm,Đèn lồng,DL/TOI/40,Cái,23,,
Cặp tóc len,Len,LEN/CT,Cái,22,,
Gác đũa HB sen,Hàng Gốm Sứ,HB/GD/SEN,cái,22,,
Hạt điều lọ 500g,"Đồ Ăn, Thức Uống",H/DIEU/500G,Hộp,22,,
Nón Huế vẽ phong cảnh phi 40,"Nón, Nón treo",NHVPC/40,Cái,22,,
MẸT F20 VẼ PHONG CẢNH CL,Thủ công mỹ nghệ,TMET2001,Cái,22,,
Cốc HB xanh dương,Hàng Gốm Sứ,HB/C/XD,Cái,21,,
Lọ chày sơn mài 20,Hàng Sơn Mài,SM/L/CHAY/20,Lọ,21,,
Cốc CF màu (nhỡ),Hàng Gốm Sứ,CFTM07,Cái,21,,
Túi Canvas phong cảnh 32x35cm,"Túi xách, Làn, Ví",CLY/TCVS,Cái,20,,
Rượu em mơ 100ml,Rượu,8938528985023,chai,20,,
Túi CN thêu 15x24x4,"Túi xách, Làn, Ví",CLY/TT15244,Cái,20,,
Đĩa muối HB sen,Hàng Gốm Sứ,HB/DMU/SEN,cái,20,,
Cốc trụ chấm,Hàng Gốm Sứ,HB/C/T/VC,Cái,20,,
ĐŨA DỪA DỌC,Đũa,DUA/D/D,Đôi,20,,
Đèn lồng tỏi 45cm,Đèn lồng,DL/TOI/45,cái,20,,
Đèn lồng tròn 40cm,Đèn lồng,DL/TRON/40,cái,20,,
Móc khóa len mix đội nón,Len,LEN/MKMDN,Cái,19,,
Ví lụa thêu hoa 12x19,"Túi xách, Làn, Ví",CLY/VI1219,Cái,19,,
Túi xách đeo vai cô gái Việt Nam nhỏ KT: 34x26cm,"Túi xách, Làn, Ví",TXDVCGVN/34X26,Cái,19,,
Bát sơn mài (bát gỗ),Hàng Sơn Mài,SM/BAT,Cái,19,,
Xì gà LOTUS NO 2 (hộp sắt màu vàng),"Xì Gà, Thuốc Lá",8936031834234,Hộp,19,,
Cốc bộ độc ẩm HB,Hàng Gốm Sứ,HB/C/1M,cái,19,,
Ấm bộ độc ẩm HB,Hàng Gốm Sứ,HB/AM/1M,cái,19,,
Phin cà phê F6 đã in logo Thống Nhất,Phin CF,PCP/6/I/TN,Cái,19,,
Trà Ô long Phú Sỹ vàng 100g,"Đồ Ăn, Thức Uống",8938505114583,Gói,19,,
"""MR.VIET Cà Phê Đà Lạt - Cà Phê Rang Xay Túi 250g (MR.VIET Dalat - Ground Coffee 250g Bag)""","Đồ Ăn, Thức Uống",8938506647561,Gói,19,,
Quýt sơn mài phi 6,Hàng Sơn Mài,SM/QUYT6,Cái,19,,
Kẹo Hải Hà cứng Bạc Hà gói 70g,"Đồ Ăn, Thức Uống",8934595021190,Gói,18,,
Trà ướp bông sen hộp 2 bông,"Đồ Ăn, Thức Uống",TUBS/H/2,Hộp,18,,
Xì gà Lotus MINI NO 2 (hộp sắt màu đen),"Xì Gà, Thuốc Lá",8936031835897,Hộp,18,,
Chén Sake HB sen,Hàng Gốm Sứ,SAKE/C/HB/SEN,Cái,18,,
"Sổ nhỏ ( vuông,hcn)",Thủ công mỹ nghệ,KG/SO/VCN,Cái,17,,
Bộ trà độc ẩm các loại,Hàng Gốm Sứ,ATDA/01,Bộ,17,,
Thước len rùa 1,Len,LEN/TR1,Cái,17,,
Túi vải canvas in phong cảnh KT: 28x34,"Túi xách, Làn, Ví",TV/CANVAS/PC/28X34,Cái,17,,
Cốc HB,Hàng Gốm Sứ,C/HB,cái,17,,
Hạt điều gói 500g,"Đồ Ăn, Thức Uống",H/DIEU/G/500G,Gói,17,,
Rượu chanh leo đà lạt 19% 100ml,Rượu,8938528985870,chai,16,,
Rượu táo mèo yên bái 19% 100ml,Rượu,8938528985894,chai,16,,
Khay muối vuông HB sen,Hàng Gốm Sứ,HB/KHM/V/SEN,cái,16,,
Xì gà Lotus Victory ( hộp giấy 5 điếu ),"Xì Gà, Thuốc Lá",8936031840556,Hộp,16,,
Đèn lồng tròn 45cm,Đèn lồng,DL/TRON/45,cái,16,,
MR.VIET Cà phê đen Americano (MR.VIET Americano Coffee),"Đồ Ăn, Thức Uống",8936135430202,Gói,16,,
Bát gáo dừa đồng quê đỏ,Hàng Sơn Mài,SM/BGD/DQD,cái,16,,
Rượu gái mèo 100ml,Rượu,8938528985504,chai,15,,
Côc HB vẽ,Hàng Gốm Sứ,C/HB/VE,Cái,15,,
Cà phê Robusta Honey gói 500g,"Đồ Ăn, Thức Uống",CP/RH/500G,Gói,15,,
Cà phê Trung Tín hộp bột Arabica 250gr,"Đồ Ăn, Thức Uống",8936021580097,Hộp,15,,
Bộ AC lõm quai mây,Hàng Gốm Sứ,TACTN01,BỘ,15,,
Xì gà LOTUS NO 1 (hộp giấy 5 điếu nâu),"Xì Gà, Thuốc Lá",XG/N/NO1,Hộp,15,,
Gác rượu trứng,Hàng Sơn Mài,SM/GRU/TR,cái,15,,
Quần áo dài đẹp,Quần Áo,CLY/QD,Cái,15,,
Cốc cà phê cao hoả biến,Hàng Gốm Sứ,T/CFTM/H/HB,Cái,15,,
Mr.Viet Hazelnut- Drip Bag Coffee 100g (MR.VIET Cà Phê Hương Hạt Dẻ- Cà Phê Phin Giấy 100g),"Đồ Ăn, Thức Uống",8936135432855,Gói,15,,
Bát tre gắn trai,Hàng Sơn Mài,SM/BATTRE,cái,15,,
Lót ly Sơn mài,Hàng Sơn Mài,SM/LOTLY,cái,15,,
Thước len mix các loại,Len,LEN/TMCL,Cái,14,,
Kẹo Hải Hà cứng nhân Dâu gói 80g,"Đồ Ăn, Thức Uống",8936007390603,Gói,14,,
Đèn lồng tròn 30cm,Đèn lồng,DL/TRON/30,Cái,14,,
Cốc C phong cảnh HN,Hàng Gốm Sứ,COCC03,Cái,14,,
Đèn lồng tỏi 35cm,Đèn lồng,DL/TOI/35,cái,14,,
Trà Matcha tam đường 100g,"Đồ Ăn, Thức Uống",8936095570307,Gói,14,,
Túi trống phi 20,"Túi xách, Làn, Ví",T/TRONG/20,Cái,14,,
Mít sấy vinamit MP gói 100g,"Đồ Ăn, Thức Uống",8934743042909,Gói,14,,
Xì gà HANOS - HNC56 ( ống nhôm 1 điếu),"Xì Gà, Thuốc Lá",XIGA/HNC56,Điếu,14,,
Mr.Viet Arabica- Drip Bag Coffee 100g (MR.VIET Cà Phê Arabica- Cà Phê Phin Giấy 100g),"Đồ Ăn, Thức Uống",8936135432862,Gói,14,,
Bát gáo dừa đồng quê vàng,Hàng Sơn Mài,SM/BGD/DQV,cái,14,,
Bát gáo dừa gắn trai,Hàng Sơn Mài,SM/BGDT,cái,14,,
Nón trẻ em vẽ phi 34,"Nón, Nón treo",NTEV/34,Cái,14,,
Hộp trang sức SM hình chữ nhật KT 14x24,Hàng Sơn Mài,SM/HTS/14x24,Cái,14,,
Socola đen bến tre 78% Marou 24g,"Đồ Ăn, Thức Uống",8938505214344,Thanh,13,,
Rượu mùa Hà Nội 100ml,Rượu,8938528985665,chai,13,,
Rượu xí muội 19% 100ml,Rượu,8938528985900,chai,13,,
Móc khóa len nón cờ,Len,LEN/MKNC,Cái,13,,
Móc khóa len gấu đeo cờ size to,Len,LEN/MKGDC/T,Cái,13,,
Bát gáo dừa đồng quê NT,Hàng Sơn Mài,SM/BGD/DQ/NT,cái,13,,
Nón lụa vẽ nổi F43,"Nón, Nón treo",NLVN/43,Cái,13,,
Bát gáo dừa hoa sen vàng,Hàng Sơn Mài,SM/BGD/SEN/V,cái,13,,
Trà hoa nhài,"Đồ Ăn, Thức Uống",TRA/HN,Gói,13,,
Hộp Phấn sơn mài phi 8,Hàng Sơn Mài,SM/PHAN/8,Hộp,13,,
Cà phê Arabica gói 500g,"Đồ Ăn, Thức Uống",CP/A/500G,Gói,13,,
Đèn lồng tròn 20cm,Đèn lồng,DL/TRON/20,cái,13,,
Ví thổ cẩm cầm tay nắp lượn,"Túi xách, Làn, Ví",TC/VI/NL12X20,Cái,13,,
VÒ VẼ HOA VUỐT TAY,Hàng Gốm Sứ,ALVUOT0001/VE,Cái,13,,
Đèn lồng tròn 35cm,Đèn lồng,DL/TRON/35,cái,13,,
Bánh đậu xanh Hòa An hộp 100g,"Đồ Ăn, Thức Uống",8938539983049,Hộp,13,,
Trà quế túi lọc Cộng (2gr x20),"Đồ Ăn, Thức Uống",CPC/TQ/L,Hộp,13,,
Mr.Viet Chon- Drip Bag Coffee 100g (MR.VIET Cà Phê Hương Chồn- Cà Phê Phin Giấy 100g),"Đồ Ăn, Thức Uống",8936135432879,Gói,13,,
Hộp phấn sơn mài phi 6,Hàng Sơn Mài,SM/PHAN/6,Cái,13,,
Rượu quất hồng bì 100ml,Rượu,4938522985955,chai,12,,
Rượu chanh giấy miền tây 19% 100ml,Rượu,8938528985863,chai,12,,
Rượu cô chanh 100ml,Rượu,8938528985474,chai,12,,
Capybara cầm cờ Việt Nam,Len,LEN/CPBARACCVN,Con,12,,
Nấm đông trùng (GÓI),"Đồ Ăn, Thức Uống",NAM/DT,Gói,12,,
Thìa cơm trâu sen,Hàng Gốm Sứ,THC/TS,cái,12,,
Thìa cơm hỏa biến sen,Hàng Gốm Sứ,THC/HB/SEN,Cái,12,,
Cà phê Arabica đã xay gói 200g,"Đồ Ăn, Thức Uống",CP/A/DX/200G,Gói,12,,
Xì gà LOTUS NO 1 (hộp giấy 5 điếu vàng),"Xì Gà, Thuốc Lá",XG/V/NO1,Hộp,12,,
CAPHE MOKA GÓI 200G,"Đồ Ăn, Thức Uống",CP/M/200G,Gói,12,,
Cốc hb có quai vẽ cl,Hàng Gốm Sứ,HB/C/Q/VE,chiếc,12,,
MR.VIET Cà Phê Hương Hạt Dẻ - Cà Phê Rang Xay Túi 250g (MR.VIET Hazelnut - Ground Coffee 250g Bag),"Đồ Ăn, Thức Uống",8936135430738,Gói,12,,
Bát gáo dừa đồng quê xanh dương,Hàng Sơn Mài,SM/BGD/DQXD,cái,12,,
Kẹo xoài xanh bóc vỏ Vietthai 255g,"Đồ Ăn, Thức Uống",8936029721850,Gói,11,,
Túi mây hình chữ nhật thảm trai,"Túi xách, Làn, Ví",TMHCNTT,Cái,11,,
Móc khóa len đeo ảnh Hà Nội,Len,LEN/MKDAHN,Cái,11,,
xoài sấy dẻo lọ 500g,"Đồ Ăn, Thức Uống",XSD/L/500G,Lọ,11,,
Kẹo Hải Hà Chew sầu riêng gói 90g,"Đồ Ăn, Thức Uống",8934595060434,Gói,11,,
Cốc ngọc trai,Hàng Gốm Sứ,C/NT,cái,11,,
Khay vuông gắn trai có tay cầm KT:30cm,"Khay tre, khảm trai, gỗ",KVGTCTC/30,Cái,11,,
Bộ trà nhỏ 4C,Hàng Gốm Sứ,TACTN04,Bộ,11,,
Xì gà Lotus Short ( hộp giấy 10 điếu),"Xì Gà, Thuốc Lá",8936031841195,Hộp,11,,
Xì gà Lotus MINI NO 2 (hộp sắt màu nâu),"Xì Gà, Thuốc Lá",8936031835910,Hộp,11,,
Bát gáo dừa hoa sen đỏ,Hàng Sơn Mài,SM/BGD/SEN/D,cái,11,,
Đèn lồng tỏi 10cm,Đèn lồng,DL/TOI/10,cái,11,,
Túi cói đeo vai KT: 21x31,"Túi xách, Làn, Ví",TCDV/21X31,Cái,11,,
Cốc lọc trà nắp màu,Hàng Gốm Sứ,CLTM02/5M,Cái,11,,
Hạt macca lọ 500g,"Đồ Ăn, Thức Uống",H/MACCA/500G,Hộp,11,,
Khay tre hcn 22x35x3,"Khay tre, khảm trai, gỗ",KTHCN/22X35X3,cái,11,,
Trà xanh túi lọc Cộng (2gr x20),"Đồ Ăn, Thức Uống",CPC/TX/L,Hộp,11,,
Trà hoa Lài túi lọc Star Kitchen,"Đồ Ăn, Thức Uống",8938532872555,Hộp,11,,
MR.VIET Cà Phê Hòa Tan 2 trong 1 (MR.VIET 2 in 1 Instant Coffee),"Đồ Ăn, Thức Uống",8936135430219,Gói,11,,
MR.VIET Arabica - Cà Phê Hạt Rang Túi 250g (MR.VIET Arabica - Roasted Coffee Beans 250g Bag),"Đồ Ăn, Thức Uống",8936135430264,Gói,11,,
Cam Sơn mài phi 11,Hàng Sơn Mài,SM/CAM11,Cái,11,,
Ví thổ cẩm hình cú khóa chuông KT 22x13,"Túi xách, Làn, Ví",TC/VHCKC/22X13,Cái,10,,
Socola đen Bà Rịa 76% Marou 24g,"Đồ Ăn, Thức Uống",8938505214146,Thanh,10,,
Rượu mận máu Hoàng Su Phì 100ml,Rượu,8938528985917,chai,10,,
"Móc khóa len vịt ếch, vịt dâu",Len,LEN/MKVEVD,Cái,10,,
Tranh đĩa tròn sơn mài cong phi 20,Hàng Sơn Mài,SM/TR/DTC20,Cái,10,,
Làn cói (các màu),"Túi xách, Làn, Ví",CLY/MAU,Cái,10,,
Khay tròn F25 ( lót chậu),Hàng Gốm Sứ,T/KH/SU/F25,Cái,10,,
Gác đũa CL men kem,Hàng Gốm Sứ,T/GD/MK,Cái,10,,
Bát cơm men kem CL,Hàng Gốm Sứ,T/BC/MK,cái,10,,
Xì gà Vinaboss's 55 (ống nhôm 1 điếu),"Xì Gà, Thuốc Lá",XG/VNB/55,Điếu,10,,
Cốc bộ độc ẩm vẽ cl,Hàng Gốm Sứ,T/C/1M/CL,cái,10,,
Lót ly gắn trai,Hàng Sơn Mài,SM/LOTLY01,Bộ,10,,
Cà phê Culi 500g,"Đồ Ăn, Thức Uống",CP/C/500G,Gói,10,,
Trà sâm dứa,"Đồ Ăn, Thức Uống",TRA/SD,Gói,10,,
Đĩa kê cốc cf nâu,Hàng Gốm Sứ,DCF/N,Cái,10,,
Bộ AC hoả biến xanh các loại,Hàng Gốm Sứ,T/AC/XD/CL,Bộ,10,,
Túi xách thổ cẩm quai gỗ KT: 34x30,"Túi xách, Làn, Ví",TC/TXQG/34X30,Cái,10,,
Mít sấy vinamit MP gói 210g,"Đồ Ăn, Thức Uống",8934743012131,Gói,10,,
TKC - Xì gà điếu tem đỏ (hàng gửi),"Xì Gà, Thuốc Lá",XIGA/TD,Điếu,10,,
Cà phê túi lọc Chủ Nghĩa,"Đồ Ăn, Thức Uống",CPC/CF/CN/L,Hộp,10,,
Cà phê túi lọc Độc Lập,"Đồ Ăn, Thức Uống",CPC/CF/DL/L,Hộp,10,,
MR.VIET Cà phê Hòa Tan Dừa 255g (MR.VIET Instant Coffee Coconut 255g),"Đồ Ăn, Thức Uống",8936135433401,Hộp,10,,
MR.VIET Cà Phê Hương Chồn - Cà Phê Rang Xay Túi 250g (MR.VIET Chon - Ground Coffee 250g Bag),"Đồ Ăn, Thức Uống",8938506647912,Gói,10,,
Bát gáo dừa cô gái vàng,Hàng Sơn Mài,SM/BGD/GAI/V,cái,10,,
Nón Huế trơn phi 40,"Nón, Nón treo",NHT/40,Cái,10,,
Chân kê đĩa gỗ 18cm,Thủ công mỹ nghệ,CKD/18,Cái,10,,
HŨ CHIÊU TÀI C22 VẼ HOA,Hàng Gốm Sứ,AHCT22180030,Cái,10,,
Kẹo chew nho đen Hải Hà 90G,"Đồ Ăn, Thức Uống",8934595060472,Gói,9,,
Kẹo xoài Úc bóc vỏ Vietthai 255g,"Đồ Ăn, Thức Uống",8936029721980,gói,9,,
Rượu Mơ Yên Tử 250ml 19%,Rượu,8936105590158,chai,9,,
Móc khóa len vịt đeo chai đội nón,Len,LEN/MKVDCDN,Cái,9,,
Móc khóa len mochi,Len,LEN/MKMOCHI,Cái,9,,
Con Trai Sơn Mài,Hàng Sơn Mài,SM/CONTRAI,Cái,9,,
bát chiết yêu F11 vẽ CL,Hàng Gốm Sứ,TBCTL04.1,cái,9,,
Đĩa mặt trời S2 vẽ hoa CL,Hàng Gốm Sứ,ADMT01,Cái,9,,
Túi rút lụa thêu hoa 19x19,"Túi xách, Làn, Ví",CLY/TT19,Cái,9,,
Cốc lúa mạch có quai,Hàng Gốm Sứ,CLM02,Cái,9,,
Kẹo Hải Hà Jelly hương nho gói 100g,"Đồ Ăn, Thức Uống",8934595063169,Gói,9,,
Chậu hoa các loại 04.5,Hàng Gốm Sứ,TCDG04.5,Cái,9,,
Kẹo Hải Hà nhân Dứa gói 80g,"Đồ Ăn, Thức Uống",8936007390580,Gói,9,,
Khay muối vuông trâu sen,Hàng Gốm Sứ,TS/KHM/V,cái,9,,
Ấm bộ độc ẩm vẽ cl,Hàng Gốm Sứ,T/AM/1M/CL,cái,9,,
phin cà phê màu đen phi 7,Phin CF,PCP/DEN/7,Hộp,9,,
Đèn lồng tỏi 20cm,Đèn lồng,DL/TOI/20,cái,9,,
Trà Hoa Hồng,"Đồ Ăn, Thức Uống",TRA/HH,Gói,9,,
Đĩa kê cốc CF đỏ,Hàng Gốm Sứ,DCF/D,Cái,9,,
Trà ô long Phú Sỹ 100g ( màu đỏ),"Đồ Ăn, Thức Uống",8938505114491,Gói,9,,
Khay tre hcn 25x38x3,"Khay tre, khảm trai, gỗ",KTHCN/25X38X3,cái,9,,
Hít vỉ 3 tem vàng,Thủ công mỹ nghệ,HV3TV,cái,9,,
Đũa gỗ trắc cao cấp gắn trai(10đôi/vỉ),Đũa,G/DUA/CCTRAI,ĐÔI,9,,
Cắm bút gỗ SM 11cm,Hàng Sơn Mài,SM/CBG/11,Cái,9,,
Túi xách cúc dừa thổ cẩm KT: 33x22,"Túi xách, Làn, Ví",TC/TXCD/33x22,Cái,9,,
Cà phê túi lọc phở Việt Nam,"Đồ Ăn, Thức Uống",CPC/CF/PVN/L,Hộp,9,,
MR.VIET Good Morning Vietnam - Cà Phê Hạt Rang Túi 250g (GM Vietnam – Roasted Coffee Beans 250g Bag),"Đồ Ăn, Thức Uống",8936135430271,Gói,9,,
Bát gáo dừa cô gái đỏ,Hàng Sơn Mài,SM/BGD/GAI/D,cái,9,,
Cam Sơn mài phi 8,Hàng Sơn Mài,SM/CAM8,Cái,9,,
Nón Huế vẽ hoa sen phi 40,"Nón, Nón treo",NHVHS/40,Cái,9,,
Tranh đĩa tròn Sơn Mài cong phi 25,Hàng Sơn Mài,SM/TR/DTC25,Cái,9,,
Khay tròn thảm gỗ có quai KT phi 22,"Khay tre, khảm trai, gỗ",KTTGCQ/22,Cái,9,,
Chóe mini vẽ các loại,Hàng Gốm Sứ,ACH05,Cái,8,,
Socola đen Đồng Nai 72% Marou 24g,"Đồ Ăn, Thức Uống",8938505214245,Thanh,8,,
Socola cà phê sữa VN 44% Marou 24g,"Đồ Ăn, Thức Uống",8938505214290,Thanh,8,,
Rượu Kim Quất 100ml,Rượu,8938528985887,chai,8,,
Kẹo Hải Hà cứng nhân xoài gói 80g,"Đồ Ăn, Thức Uống",KHH/CU/X/80G,Gói,8,,
Hoa hồi gói 50g,"Đồ Ăn, Thức Uống",HH/50G,Gói,8,,
Kẹo Hải Hà chew khoai môn gói 90g,"Đồ Ăn, Thức Uống",8934595060526,Gói,8,,
Cốc vuốt HB,Hàng Gốm Sứ,HB/C/V,Cái,8,,
Đĩa F14 men kem,Hàng Gốm Sứ,T/D14/MK,cái,8,,
Bát mắm trâu sen,Hàng Gốm Sứ,TS/BMM,cái,8,,
Bát mắm hỏa biến,Hàng Gốm Sứ,HB/BMM,cái,8,,
Trà sen,"Đồ Ăn, Thức Uống",TRASEN,Lọ,8,,
Xì gà LOTUS CLUB (10 điếu/bao),"Xì Gà, Thuốc Lá",8936031835552,Bao,8,,
Xì gà Vinaboss's 60 (ống nhôm 1 điếu),"Xì Gà, Thuốc Lá",XG/VNB/60,Điếu,8,,
Cà phê mix A+C+R 500g,"Đồ Ăn, Thức Uống",CP/ACR/500G,Gói,8,,
Túi cỏ bàng vẽ,"Túi xách, Làn, Ví",TCBV,Cái,8,,
phin cà phê màu hồng cánh sen phi 7,Phin CF,PCP/HCS/7,Hộp,8,,
Sổ tre,Thủ công mỹ nghệ,KG/SO/TRE,cái,8,,
Tranh bìa,Thủ công mỹ nghệ,KG05,cái,8,,
Ví thổ cẩm thêu,"Túi xách, Làn, Ví",VGTC,Cái,8,,
Khoai lang sấy Vinamit 250g,"Đồ Ăn, Thức Uống",8934743022925,Gói,8,,
Cà phê phin giấy Chủ Nghĩa,"Đồ Ăn, Thức Uống",CPC/CF/CN/F,Hộp,8,,
Cà phê túi lọc Tự Do,"Đồ Ăn, Thức Uống",CPC/CF/TD/L,Hộp,8,,
Cà phê túi lọc Hạnh Phúc,"Đồ Ăn, Thức Uống",CPC/CF/HP/L,Hộp,8,,
Trà phê túi lọc Cộng (2gr x20),"Đồ Ăn, Thức Uống",CPC/TP/L,Hộp,8,,
Cà phê hòa tan G7 3in1 hộp dẹt 336g/ 21 gói,"Đồ Ăn, Thức Uống",8935024123287,Hộp,8,,
Cà phê hòa tan G7 3in1 50 gói / bịch 800g,"Đồ Ăn, Thức Uống",8935024129357,gói,8,,
MR.VIET Cà Phê Hương Chồn- Cà Phê Hạt Rang (MR.VIET Chon- Roasted Coffee Beans) 250g,"Đồ Ăn, Thức Uống",8936135432954,Gói,8,,
Khay vuông gắn trai có tay cầm KT: 35cm,"Khay tre, khảm trai, gỗ",KVGTCTC/35,cái,8,,
Nón Huế thêu hoa phi 40,"Nón, Nón treo",NHTH/40,Cái,8,,
Khay tròn gắn trai KT: phi 28,"Khay tre, khảm trai, gỗ",KTGT/28,Cái,8,,
Kẹo dẻo xoài vàng bóc vỏ Vietthai 255g,"Đồ Ăn, Thức Uống",8936029721843,Gói,7,,
Socola đen Đồng Nai 72% Marou 80g,"Đồ Ăn, Thức Uống",8938505214238,Thanh,7,,
Socola coconut milk Bến Tre 55% Marou 80g,"Đồ Ăn, Thức Uống",8938505214368,Thanh,7,,
Socola đen Lâm Đồng 74% Marou 24g,"Đồ Ăn, Thức Uống",8938505214641,Thanh,7,,
Rượu dâu tằm hoa nhài 100ml,Rượu,8938528985337,chai,7,,
Rượu mơ má đào Mộc Châu 100ml,Rượu,8938528985931,chai,7,,
Túi mề gà thêu 16x27,"Túi xách, Làn, Ví",CLY/TMG1627,Cái,7,,
Thìa Sup gỗ 22.5cm,"Đồ Ăn, Thức Uống",GO/SUP22.5,Cái,7,,
Gác thìa các loại men kem,Hàng Gốm Sứ,T/GTH/MK,Cái,7,,
Bộ áo dài cờ đỏ sao vàng,Quần Áo,CLY/AD/CDSV,Bộ,7,,
"Trà tôm nõn gói nhỏ (đỏ,vàng)","Đồ Ăn, Thức Uống",TRA/TN/S,Gói,7,,
Tranh đĩa F24 vẽ băng hoa,Hàng Gốm Sứ,ATDF24/04,cái,7,,
Cà phê mix A+C+R gói 200g,"Đồ Ăn, Thức Uống",CP/ACR/200G,Gói,7,,
Khay tròn gắn trai KT: phi 24,"Khay tre, khảm trai, gỗ",KTGT/24,Cái,7,,
Quế sáo,"Đồ Ăn, Thức Uống",QSAO,Hộp,7,,
Bình nu gỗ SM 11cm,Hàng Sơn Mài,SM/BNG/11,Cái,7,,
Cà phê phin giấy Hạnh Phúc,"Đồ Ăn, Thức Uống",CPC/CF/HP/F,Hộp,7,,
Trà nhài túi lọc 2x20,"Đồ Ăn, Thức Uống",CPC/TN/L,Hộp,7,,
Trà sen Star Kitchen,"Đồ Ăn, Thức Uống",8938532872562,Hộp,7,,
Hộp trang sức SM HCN KT 12x20,Hàng Sơn Mài,SM/HTS/12x20,Cái,7,,
Socola Mekong Kumquat Tiền Giang 68% Marou 24g,"Đồ Ăn, Thức Uống",8938505214405,Thanh,6,,
Socola đen Tiền Giang 70% Marou 24g,"Đồ Ăn, Thức Uống",8938505214443,Thanh,6,,
Gấu len chân ngắn đeo cờ Việt Nam,Len,LEN/GCNDCVN,Con,6,,
Bình Phu Thê cỡ nhỏ,Hàng Sơn Mài,SM/VC/S,Bộ,6,,
Bình Phu Thê dẹt cỡ nhỏ,Hàng Sơn Mài,S/VC/DET/S,Bộ,6,,
Tranh sơn mài 15x20,Hàng Sơn Mài,SM/TR/15X20,Cái,6,,
Khay tre hình chữ nhật KT: 25x38x5,"Khay tre, khảm trai, gỗ",KTHCN/25X38X5,Cái,6,,
Cà phê Robusta mix Arabica đã xay gói 200g,"Đồ Ăn, Thức Uống",CP/R/A/DX/200G,Gói,6,,
Kẹo Hải Hà cứng nhân cam gói 80g,"Đồ Ăn, Thức Uống",8936007390610,Gói,6,,
Nón cỏ bàng vẽ hoa sen nổi phi 41,"Nón, Nón treo",NCBVHSN/41,Cái,6,,
Salat HB CL F18-24,Hàng Gốm Sứ,HB/SALAT/F18-24,cái,6,,
Bộ AC Giang Tây hỏa biến,Hàng Gốm Sứ,TAC/HB03,Bộ,6,,
Phin cà phê màu cam phi 7,Phin CF,PCP/CAM/7,Hộp,6,,
Trà xanh hoa nhài đóng lọ,"Đồ Ăn, Thức Uống",TRA/HN/LO,Lọ,6,,
Cà phê Robusta đã xay gói 200g,"Đồ Ăn, Thức Uống",CP/R/DX/200G,Gói,6,,
HẠT TIÊU ĐỎ,"Đồ Ăn, Thức Uống",HTIEU/DO,Hộp,6,,
Xì gà LOTUS MINI NO2 (Hộp sắt màu vàng),"Xì Gà, Thuốc Lá",8936031835934,Hộp,6,,
Bộ ac in men HB các màu,Hàng Gốm Sứ,AAC0020,Cái,6,,
Lọ hoa cao 20-39cm vẽ các loại L2,Hàng Gốm Sứ,BLH20-39L2KOMEN,Cái,6,,
Nước hoa Miss Việt Nam N27 Sứ trắng Sài Gòn 35ml,Nước Hoa,8934662133276,chai,6,,
Nước hoa Miss Việt Nam N29 Sứ trắng Hà Nội 35ml,Nước Hoa,8934662133290,chai,6,,
Nước hoa Miss VietNam N32 Sứ màu Huế 35ml,Nước Hoa,8934662133320,chai,6,,
Nước hoa Miss VietNam N33 Sứ màu Hà Nội 35ml,Nước Hoa,8934662133337,chai,6,,
Cà phê Robusta mix Arabica 500g,"Đồ Ăn, Thức Uống",CP/R/A/500G,Gói,6,,
Đĩa kê chén của bộ AC TTS GT lùn,Hàng Gốm Sứ,TTS/GTAY_DKC,chiếc,6,,
Chén lẻ của bộ AC TTS GT lùn,Hàng Gốm Sứ,TTS/GTAY_CHLE,chiếc,6,,
Bình đắp nổi men HB,Hàng Gốm Sứ,ABH362203HB,Cái,6,,
Trà Atiso đỏ,"Đồ Ăn, Thức Uống",TRA/ATS,Gói,6,,
Đĩa kê cốc CF vàng,Hàng Gốm Sứ,DCF/V,Cái,6,,
Bình chai gỗ SM 20cm,Hàng Sơn Mài,SM/BCG/20,Cái,6,,
Trà cúc túi lọc Cộng (2gr x20),"Đồ Ăn, Thức Uống",CPC/TC/L,Hộp,6,,
MR.VIET Cà phê Hòa Tan 3 trong 1 (MR.VIET 3 in 1 Instant Coffee),"Đồ Ăn, Thức Uống",8936135430226,Gói,6,,
MR.VIET Moka - Cà Phê Rang Xay Túi 250g (MR.VIET Moka - Ground Coffee 250g Bag),"Đồ Ăn, Thức Uống",8936135431797,Gói,6,,
MR.VIET Culi - Cà Phê Rang Xay Túi 250g (MR.VIET Culi - Ground Coffee 250g Bag),"Đồ Ăn, Thức Uống",8936135431780,Gói,6,,
Trà I Wish You 10 (I Wish You 10 Loose Leaf Tea),"Đồ Ăn, Thức Uống",8938506647394,Hộp,6,,
Khay tròn gắn trai KT: phi 22,"Khay tre, khảm trai, gỗ",KTGT/22,Cái,6,,
Bình phu thê SM cỡ trung,Hàng Sơn Mài,SM/VC/M,Cái,6,,
Lọ ly sơn mài 30,Hàng Sơn Mài,SM/LY30,Cái,6,,
Rượu Lúa Mới 40% 100ml (Hà Nội Opera House),Rượu,8934591007198,chai,5,,"PLEASE complete empty slot
make model trainable"
Rượu Vodka Hà Nội 40% 100ml (Hoàn Kiếm Lake),Rượu,8934591007181,chai,5,,
Rượu Nếp Mới 40% 100ml (Khuê Văn Các ),Rượu,8934591007204,chai,5,,
Rượu cà phê 25% 100ml ( Hạ Long Bay),Rượu,8934591007235,chai,5,,
Rượu Thanh Mai 25% 100ml (Huế Citadel),Rượu,8934591007228,chai,5,,
Rươu chanh 25% 100ml (Bến Thành Market),Rượu,8934591007211,chai,5,,
Rượu dâu 19.5% 250ml,Rượu,8934591008713,chai,5,,
Rượu vải 18% 250ml,Rượu,8934591008690,chai,5,,
Cà phê hòa tan dừa Mr Việt 510g,"Đồ Ăn, Thức Uống",8936135434170,Gói,5,,
Mẹt F30 vẽ phong cảnh cl,Thủ công mỹ nghệ,TMET3001,Cái,5,,
Cà phê Cộng Bạc xỉu hòa tan 12 Stick,"Đồ Ăn, Thức Uống",8938531133640,Hộp,5,,
Bình Sơn mài ống chỉ,Hàng Sơn Mài,SM/BOCHI,Cái,5,,
Chân kê đĩa gỗ 20cm,Thủ công mỹ nghệ,CKD/20,Cái,5,,
Socola Mekong Kumquat Tiền Giang 68% Marou 80g,"Đồ Ăn, Thức Uống",8938505214450,Thanh,5,,
Hộp Cacao sữa dừa Heyday,"Đồ Ăn, Thức Uống",8938512644448,Hộp,5,,
Hộp cacao sữa Heyday,"Đồ Ăn, Thức Uống",8938512644417,Hộp,5,,
Tranh sơn mài vuông 15x15,Hàng Sơn Mài,SM/TR/V15,Cái,5,,
Khay chữ nhật gắn trai có quai KT 30X20,"Khay tre, khảm trai, gỗ",KCNGTCQ/30x20,Cái,5,,
Thước len rùa 2,Len,LEN/TR2,Cái,5,,
Móc khóa len chó cờ,Len,LEN/MKCC,Cái,5,,
Tranh đĩa tròn Sơn mài cong phi 15,Hàng Sơn Mài,SM/TR/DTC15,Cái,5,,
bát cơm vẽ sen,Hàng Gốm Sứ,T/BC/SEN,Cái,5,,
Đĩa F18 vẽ sen xanh lam,Hàng Gốm Sứ,T/DIA/SEN/F18,Cái,5,,
Bát mắm vẽ sen,Hàng Gốm Sứ,T/BM/SEN,Cái,5,,
Túi mề gà thêu 14x24,"Túi xách, Làn, Ví",CLY/TMG1424,Cái,5,,
Tranh sơn mài vuông cong 20x20,Hàng Sơn Mài,SM/TR/VC20,Cái,5,,
Gác thìa hỏa biến,Hàng Gốm Sứ,HB/GTH,Cái,5,,
4 cánh HB nhỏ sen,Hàng Gốm Sứ,HB/4C/S/SEN,Cái,5,,
Nón Bắc Bộ trẻ em vẽ cờ đỏ sao vàng phi 34,"Nón, Nón treo",NBBTEV/CDSV/34,Cái,5,,
Bình thọ gỗ vuốt 18cm,Hàng Sơn Mài,SM/BTGV/18,Cái,5,,
Tranh thêu khung bo 24x30,Thủ công mỹ nghệ,SP220425,Cái,5,,
Kẹp sách giấy gió,Thủ công mỹ nghệ,KSGG,Cái,5,,
Nước hoa Miss Saigon Elegance (màu đỏ) 50ml,Nước Hoa,8934662176204,chai,5,,
Đĩa F15 HB sen,Hàng Gốm Sứ,HB/D/F15/S,cái,5,,
Đĩa F20 Hb,Hàng Gốm Sứ,HB/D/F20,cái,5,,
Cam sơn mài phi 14,Hàng Sơn Mài,SM/CAM14,cái,5,,
Khay chữ nhật gắn trai có quai Kt 33x23,"Khay tre, khảm trai, gỗ",KCNGTCQ/33X23,cái,5,,
Khay vuông gắn trai KT: 22cm,"Khay tre, khảm trai, gỗ",KVGT/22,Cái,5,,
Nụ hoa tam thất,"Đồ Ăn, Thức Uống",NU/HTT,Gói,5,,
Mẹt vẽ F60 (67),Thủ công mỹ nghệ,MVE/F60,Cái,5,,
Xì gà LOTUS S (hộp giấy 25 điếu),"Xì Gà, Thuốc Lá",8936031839154,Hộp,5,,
Hộp trang sức SM vuông 10x10,Hàng Sơn Mài,SM/HTS/10x10,Cái,5,,
Cà phê Moka 500g,"Đồ Ăn, Thức Uống",CP/M/500G,Gói,5,,
Phin cà phê màu xanh lá phi 7,Phin CF,PCP/XL/7,Hộp,5,,
Thìa cơm sen,Hàng Gốm Sứ,T/TH/SEN,Cái,5,,
Phin cà phê màu nâu phi 7,Phin CF,PCP/NAU/7,Hộp,5,,
Nón cỏ bàng vẽ hoa sen thường phi 41,"Nón, Nón treo",NCBVHST/41,Cái,5,,
Bánh đậu xanh Hòa An hộp 200g,"Đồ Ăn, Thức Uống",8938539983247,Hộp,5,,
Trà xanh Thái Nguyên 100g nhãn xanh 1,"Đồ Ăn, Thức Uống",TRA/100G/X/1,Gói,5,,
Sầu riêng sấy lạnh Vinamit 60g,"Đồ Ăn, Thức Uống",8934743572178,Gói,5,,
Xì gà HANOS - HNC52 ( ống nhôm 1 điếu),"Xì Gà, Thuốc Lá",XIGA/HNC52,Điếu,5,,
Cà phê Túi lọc Xã Hội,"Đồ Ăn, Thức Uống",CPC/CF/XH/L,Hộp,5,,
Trà gừng túi lọc Cộng (2gr x 20),"Đồ Ăn, Thức Uống",CPC/TG/L,Hộp,5,,
cà phê hòa tan cappuccino hazelnut Trung Nguyên legend 216g 12x18g,"Đồ Ăn, Thức Uống",8935024122129,Hộp,5,,
MR.VIET Cà Phê Hòa Tan Capuccino 4 trong 1 (MR.VIET 4 in1 Instant Coffee Cappuccino),"Đồ Ăn, Thức Uống",8936135430233,Hộp,5,,
"""Cà phê MR.VIET Real-Strong-Orginal-CàPhê Rang Xay hộp 250g (Real-Strong-Original-Ground 250g)-black""","Đồ Ăn, Thức Uống",8938506647615,Hộp,5,,
CHÂN KÊ ĐĨA GỖ 23-24 CM,Thủ công mỹ nghệ,CKD/23-24,Cái,5,,
Khay tròn thảm gỗ có quai KT phi 28,"Khay tre, khảm trai, gỗ",KTTGCQ/28,Cái,5,,
Khay tròn gắn trai KT: phi 35,"Khay tre, khảm trai, gỗ",KTGT/35,Cái,5,,
Bánh dừa nướng TopCoco HAPI gói 150g,"Đồ Ăn, Thức Uống",8938544489062,Gói,4,,
Bình A Còng 30 cm,Hàng Sơn Mài,BACONG/30,Cái,4,,
Cà phê Trung Tín hạt Robusta 250gr,"Đồ Ăn, Thức Uống",CP/TT/Ro/250,Gói,4,,
Đĩa kê chén bộ Ac hoả biến xanh các loại,Hàng Gốm Sứ,T/AC/DKC/XD/CL,Cái,4,,
Chén bộ Ac hoả biến xanh các loại,Hàng Gốm Sứ,T/AC/C/XD/CL,Cái,4,,
Túi cói quai xách đính hoa cúc KT 29x39,"Túi xách, Làn, Ví",TCQX/DHC/29x39,Cái,4,,
Bình củ Huệ sơn mài 15 cm,Hàng Sơn Mài,SM/L/CHUE/15,Cái,4,,
Socola đen Đắc lăk 70% Marou 80g,"Đồ Ăn, Thức Uống",8938505214726,Thanh,4,,
Socola đen Lâm Đồng 74% Marou 80g,"Đồ Ăn, Thức Uống",8938505214634,Thanh,4,,
Socola trắng Việt NamVanilla44% Marou 80g,"Đồ Ăn, Thức Uống",8938551295137,Thanh,4,,
Socola Coconut Milk Bến tre 55% Marou 24g,"Đồ Ăn, Thức Uống",8938505214375,Thanh,4,,
Rượu Thanh Long 530ml,Rượu,8938528985405,chai,4,,
Rượu táo mèo yên bái 530ml,Rượu,8938528985009,chai,4,,
Khoai môn sấy Vinamit 250g,"Đồ Ăn, Thức Uống",8934743022932,Gói,4,,
Túi xách thổ cẩm quai gỗ 2 khóa KT 32X32,"Túi xách, Làn, Ví",TC/TXQG2K/32X32,Cái,4,,
Móc khóa len Minion,Len,LEN/MKMINION,Cái,4,,
Bình Mang cá thấp,Hàng Sơn Mài,SM/MCT,Cái,4,,
Bình Phu Thê dẹt cỡ trung,Hàng Sơn Mài,SM/VC/DET/M,Bộ,4,,
Đĩa F14 vẽ sen xanh lam,Hàng Gốm Sứ,T/DIA/SEN/F14,Cái,4,,
Cà phê Vinacafe Special 3 trong 1 hộp 306g,"Đồ Ăn, Thức Uống",8934683010914,Hộp,4,,
Túi xách hoa cúc dừa KT: 22x32,"Túi xách, Làn, Ví",TXHCD/22X32,Cái,4,,
Trà San Tuyết,"Đồ Ăn, Thức Uống",TRA/ST,Gói,4,,
Khay tròn gắn trai có quai Kt phi 30cm,"Khay tre, khảm trai, gỗ",KTGTCQ/30,Cái,4,,
Kẹo hải hà Jelly trái cây gói 100g,"Đồ Ăn, Thức Uống",KHH/J/TC/100G,Gói,4,,
Thìa cà phê trắng thẳng,Hàng Gốm Sứ,THCF/TR/TH,cái,4,,
Đĩa F15 HB,Hàng Gốm Sứ,HB/D/F15,cái,4,,
Bát tô F16 men kem,Hàng Gốm Sứ,T/BT16/MK,cái,4,,
Bát cơm hỏa biến sen,Hàng Gốm Sứ,HB/BC/SEN,cái,4,,
Đĩa muối trâu sen,Hàng Gốm Sứ,TS/DMU,cái,4,,
Giỏ mây phi 30,"Túi xách, Làn, Ví",M/GM/F30,Cái,4,,
Thìa cơm hỏa biến,Hàng Gốm Sứ,THC/HB,cái,4,,
Đĩa kê chén bộ AC TTS siêu hoa,Hàng Gốm Sứ,TTS10/KDC,cái,4,,
Cà phê Trung Tín hộp trống gỗ 150gr,"Đồ Ăn, Thức Uống",580011/HT,Hộp,4,,
Khay vuông gắn trai KT: 26cm,"Khay tre, khảm trai, gỗ",KVGT/26,Cái,4,,
CÀ PHÊ ROBUSTA GÓI 200G,"Đồ Ăn, Thức Uống",CP/R/200G,Gói,4,,
phin cà phê màu xanh da trời f7,Phin CF,PCP/XDT/7,Hộp,4,,
Nước hoa Miss SaiGon Elegance Ruby N3 (Màu hồng) 50ml,Nước Hoa,8934662176037,chai,4,,
Nước hoa Miss SaiGon Elegance Jade N6 (Màu xanh lá cây) 50ml,Nước Hoa,8934662176068,Lọ,4,,
Nước hoa Miss Việt Nam N28 Sứ trắng Huế 35ml,Nước Hoa,8934662133283,Chai,4,,
Làn nhựa cỡ M KT: 25-39cm,"Túi xách, Làn, Ví",LN/M/25-39,Cái,4,,
Túi cói quai da KT: 40x44,"Túi xách, Làn, Ví",TCQD/40X44,Cái,4,,
Tích lộc mini vẽ sen,Hàng Gốm Sứ,ATL18160001,Cái,4,,
Cốc lọc cà phê cao TM,Hàng Gốm Sứ,CFTM01/H,cái,4,,
Phin cà phê màu vàng phi 7,Phin CF,PCP/VANG/7,Hộp,4,,
Nấm đông trùng(lọ),"Đồ Ăn, Thức Uống",NAM/DTRUNG,Lọ,4,,
Hoa Đậu Biếc,"Đồ Ăn, Thức Uống",HOA/DB,Gói,4,,
Hạt tiêu đen,"Đồ Ăn, Thức Uống",HTIEU,Hộp,4,,
Trà xanh Thái Nguyên hộp đỏ 200g,"Đồ Ăn, Thức Uống",TRA/200G/H/D,Hộp,4,,
Trà Sencha gói hút chân không gói 200g,"Đồ Ăn, Thức Uống",8936095570512,Gói,4,,
"TKC Xì gà điếu tem vàng, đỏ, ko tem, hàng xấu","Xì Gà, Thuốc Lá",XIGA/USED,Điếu,4,,
TKC Xì gà điếu tem vàng ngắn (hàng gửi),"Xì Gà, Thuốc Lá",XIGA/TV/NGAN,Điếu,4,,
VÒ DẸT VẼ HOA,Hàng Gốm Sứ,AV20240017,Cái,4,,
Cà phê sữa đá Trung Nguyên legend 225g 9x25g,"Đồ Ăn, Thức Uống",8935024132500,Cái,4,,
MR.VIET Xoài Sấy Với Sôcôla Sữa & Dừa (MR.VIET Dried Mango Milk Chocolate & Coconut),"Đồ Ăn, Thức Uống",8936135431681,Gói,4,,
MR.VIET Xoài Sấy Với Matcha & Mắc Ca (MR.VIET Dried Mango Matcha & Macadamia),"Đồ Ăn, Thức Uống",8936135431704,Gói,4,,
VÒ GIẢ VUỐT VẼ HÀ NỘI,Hàng Gốm Sứ,ALVUOT2616016,Cái,4,,
Quần áo dài,Quần Áo,CLY/Q,Cái,4,,
Khay tròn sơn mài hình gà phi 30,Hàng Sơn Mài,SM/KH/TR30,Cái,4,,
Khay tròn gắn trai có quai KT: phi 22cm,"Khay tre, khảm trai, gỗ",KTGTCQ/22,Cái,4,,
Khay tròn gắn trai có quai KT: phi 28cm,"Khay tre, khảm trai, gỗ",KTGTCQ/28,Cái,4,,
Khay tròn gắn trai KT: phi 30,"Khay tre, khảm trai, gỗ",KTGT/30,Cái,4,,
Lọ chày sơn mài 30,Hàng Sơn Mài,SM/L/CHAY/30,Cái,4,,
Hộp phấn sơn mài phi 10,Hàng Sơn Mài,SM/PHAN/10,Cái,4,,
"Rượu Nàng Mận 25,5% 375ml",Rượu,8938528985634,chai,3,,
"Rượu Em Mơ 29,5% 375ml",Rượu,8938528985627,chai,3,,
"Rượu Nàng Mận 25,5% 530ml",Rượu,8938528985597,chai,3,,
"Rượu Gái Mèo 25,5% 530ml",Rượu,8938528985610,chai,3,,
Rượu Em Mơ 29.5% 530ml,Rượu,8938528985580,chai,3,,
Rượu Xí muội 19% 530ml,Rượu,8938528985047,chai,3,,
Rượu mơ Má đào Mộc Châu 19% 530ml,Rượu,5023MC530,chai,3,,
Trà Kim Tuyên gói hút chân không 200g,"Đồ Ăn, Thức Uống",8936095570710,Gói,3,,
Atiso đỏ,"Đồ Ăn, Thức Uống",ATISO,Lọ,3,,
Bình Sơn Mài Mang cá mới nhí 18 cm,Hàng Sơn Mài,SM/BMCM/S,Cái,3,,
Bình Sơn Mài Mang cá Vầng Trăng nhí 15.5 cm,Hàng Sơn Mài,SM/MCVTRANG/S,Cái,3,,
Rượu Sông Cái Floral Gin 700ml (45%),Rượu,R/FLORAL/700,chai,3,,
Rượu Sông Cái Dry Gin 220ml (45%),Rượu,R/DRYGIN220,chai,3,,
Rượu Sông Cái Dry Gin 700ml (45%),Rượu,8938528319026,chai,3,,
Cà phê Trung Tín hạt Culi 250gr,"Đồ Ăn, Thức Uống",CP/TT/C/250,Gói,3,,
Socola Arabica coffee Lâm Đồng 64% Marou 80g,"Đồ Ăn, Thức Uống",8938505214665,Thanh,3,,
Socola đen Đăk Lăk 70% Marou 24g,"Đồ Ăn, Thức Uống",8938505214801,Thanh,3,,
Rượu sim Yên Tử 250ml 24%,Rượu,8936105590103/250,chai,3,,
Rượu cô chanh 530ml,Rượu,8938528985603,chai,3,,
"Rượu nàng mận 25,5% 100ml",Rượu,8938528985542,chai,3,,
Chân kê đĩa gỗ 15cm,Thủ công mỹ nghệ,CKD/15,Cái,3,,
Tranh đĩa tròn sơn mài PICATSO cong phi 20,Hàng Sơn Mài,SM/TR/DTCPICATSO/20,Cái,3,,
Khay chữ nhật gắn trai có quai KT 34X24,"Khay tre, khảm trai, gỗ",KCNGTCQ/34X24,Cái,3,,
Doremon len,Len,LEN/DOREMON,Con,3,,
Lọ Tỏi Sơn Mài 25,Hàng Sơn Mài,SM/L/TOI/25,Cái,3,,
Bình Phu Thê dẹt cỡ lớn,Hàng Sơn Mài,SM/VC/DET/L,Bộ,3,,
Đĩa ảo F20 sen xanh lam,Hàng Gốm Sứ,T/D/AO/SEN/20,Cái,3,,
Đĩa lượn 5 cánh vẽ sen F23,Hàng Gốm Sứ,T/D/5C/SEN/F23,Cái,3,,
Đĩa F20 vẽ sen xanh lam,Hàng Gốm Sứ,T/DIA/SEN/F20,Cái,3,,
Túi mề gà thêu12x20,"Túi xách, Làn, Ví",CLY/TMG1220,Cái,3,,
Túi xách đeo vai hoa ô vuông KT: 32x25cm,"Túi xách, Làn, Ví",TXDVHOV/32X25,Cái,3,,
Hồng trà cao cấp hộp 100g,"Đồ Ăn, Thức Uống",HTCC/100G,Hộp,3,,
Lục trà cổ thụ hộp 100g,"Đồ Ăn, Thức Uống",LTCT/100G,Hộp,3,,
Xoài sấy dẻo muối ớt lọ 500g,"Đồ Ăn, Thức Uống",XSD/MO/L/500G,Lọ,3,,
Khay bầu dục gắn trai có quai Kt 24x37,"Khay tre, khảm trai, gỗ",KBDGTCQ/24X37,Cái,3,,
Khay chữ nhật gắn trai có quai KT: 36x26,"Khay tre, khảm trai, gỗ",KCNGTCQ/36X26,Cái,3,,
trà tâm sen lọ nhỏ,"Đồ Ăn, Thức Uống",TRA/TSEN/N,Lọ,3,,
kẹo Hải Hà chew đậu đỏ gói 90g,"Đồ Ăn, Thức Uống",8934595060496,Gói,3,,
Nón Bắc Bộ vẽ cờ đỏ sao vàng phi 40,"Nón, Nón treo",NBBV/CDSV/40,Cái,3,,
Trà xanh hoa nhài,"Đồ Ăn, Thức Uống",TRA/XHN,Gói,3,,
Kẹo Hải Hà Chew xốp cốm gói 70g,"Đồ Ăn, Thức Uống",8934595060038,Gói,3,,
Đĩa F20 HB sen,Hàng Gốm Sứ,HB/D/F20/S,cái,3,,
Đĩa F22 trâu sen,Hàng Gốm Sứ,TS/D/F22,cái,3,,
Bát tô F20 men kem,Hàng Gốm Sứ,T/BT20/MK,cái,3,,
Đĩa F20 men kem,Hàng Gốm Sứ,T/D20/MK,cái,3,,
Đĩa F22 men kem,Hàng Gốm Sứ,T/D22/MK,cái,3,,
Khay muối vuông HB,Hàng Gốm Sứ,HB/KHM/V,cái,3,,
Làn cói có khóa đính quả bông,"Túi xách, Làn, Ví",LC/K/QB,Cái,3,,
Bát gáo dừa cô gái xanh dương,Hàng Sơn Mài,SM/BGD/GAI/XD,cái,3,,
khay bầu dục gắn trai có quai KT: 18x30,"Khay tre, khảm trai, gỗ",KBDGTCQ/18X30,Cái,3,,
Nón bọc vải lụa 1 mặt phi 43,"Nón, Nón treo",NBVL/1/43,Cái,3,,
CAPHE ROBUSTA MIX ARABICA GÓI 200G,"Đồ Ăn, Thức Uống",CP/R/A/200G,Gói,3,,
CAPHE ARABICA GÓI 200G,"Đồ Ăn, Thức Uống",CP/A/200G,Gói,3,,
Set 5 chai Miss Saigon Elegance 15ml,Nước Hoa,8934662176150,Bộ,3,,
Gạt tàn cú mèo,Hàng Gốm Sứ,AGT0008,Cái,3,,
Nón lá sen vẽ phi 41,"Nón, Nón treo",NLSV/41,Cái,3,,
Nước hoa Miss SaiGon Elegance Amethyst N1 (Màu tím) 50ml,Nước Hoa,8934662176013,chai,3,,
Nước hoa Miss SaiGon Elegance Amber N5 (Màu cam) 50ml,Nước Hoa,8934662176051,chai,3,,
Nước hoa Miss VietNam N31 Sứ màu Sài Gòn 35ml,Nước Hoa,8934662133313,chai,3,,
Nón Bắc Bộ trơn phi 40,"Nón, Nón treo",NBBT/40,Cái,3,,
Trà hoa cúc (lọ),"Đồ Ăn, Thức Uống",TRA/HCUC,Lọ,3,,
Cốc Hb có quai XD,Hàng Gốm Sứ,HB/C/Q/XD,cái,3,,
Cốc vuốt sen HB,Hàng Gốm Sứ,HB/C/V/SEN,cái,3,,
Nón dây bọc vải bộ 10 cái,"Nón, Nón treo",NDBV/10,Cái,3,,
Kẹp sách giấy xoắn,Thủ công mỹ nghệ,KSGX,cái,3,,
Túi xách vuông thổ cẩm KT phi 35cm,"Túi xách, Làn, Ví",TC/TXV/35,Cái,3,,
Trái cây sấy vinamit MP gói 250g,"Đồ Ăn, Thức Uống",8934743022963,Gói,3,,
Cà phê phin giấy Xã Hội,"Đồ Ăn, Thức Uống",CPC/CF/XH/F,Hộp,3,,
Cà phê hòa tan cappuccino coconut Trung Nguyên legend 216g 12x18g,"Đồ Ăn, Thức Uống",8935024170403,Hộp,3,,
Tranh sơn mài vuông 20x20,Hàng Sơn Mài,SM/TR/V20,Cái,3,,
Hộp trang sức SM hình chữ nhật KT 8x12,Hàng Sơn Mài,SM/HTS/8x12,Cái,3,,
Lọ cổ hạc vẽ hoa 2,Hàng Gốm Sứ,ALCH352505L2,Cái,3,,
Vò giả vuốt vẽ hoa vẽ vàng,Hàng Gốm Sứ,ALVUOTV2616014,Cái,3,,
Bộ ấm chén aladin vẽ hoa vẽ vàng,Hàng Gốm Sứ,AACV0023,Bộ,3,,
Chó len chân ngắn,Len,LEN/CCN,Con,2,,
Rùa len ôm biểu tượng tích cực,Len,LEN/ROBTTC,Con,2,,
Thỏ len váy cầu vồng búp bê,Len,LEN/TVCVBB,Con,2,,
"Rượu Gái Mèo 25,5% 375ml",Rượu,8938528985658,chai,2,,
Rượu Mùa cốm 28% 530ml,Rượu,8938528985801,chai,2,,
Đĩa lượn 5 cánh vẽ sen F21,Hàng Gốm Sứ,T/D/5C/SEN/F21,Cái,2,,
Sổ ảnh Notebook,Thủ công mỹ nghệ,KG06,Cái,2,,
Trà cung đình hộp màu đỏ G10,"Đồ Ăn, Thức Uống",TCD/H/DO/G10,Hộp,2,,
Rượu Sông Cái Spiced Roselle Flavored Gin 220ml (45%),Rượu,R/SPICED/220,chai,2,,
Rượu Sông Cái Spiced Roselle Flavored Gin 700ml (32.5%),Rượu,8938528319064,chai,2,,
Rượu Sông Cái Floral Gin 220ml (45%),Rượu,8938528319996,chai,2,,
Trà cung đình gói màu cam G10 kèm gói KM uống thử,"Đồ Ăn, Thức Uống",8938506776063,Gói,2,,
Nón Huế vẽ cờ đỏ sao vàng phi 40,"Nón, Nón treo",NHVCDSV/40,Cái,2,,
Socola đen Bà Rịa 76% Marou 80g,"Đồ Ăn, Thức Uống",8938505214153,Thanh,2,,
Socola cà phê sữa 44% Marou 80g,"Đồ Ăn, Thức Uống",8938505214283,thanh,2,,
Socola đen Bến Tre 78% Marou 80g,"Đồ Ăn, Thức Uống",8938505214351,Thanh,2,,
Khay mây hình chữ nhật KT 64X45X10,"Khay tre, khảm trai, gỗ",KMHCN/64X45X10,Cái,2,,
Tranh đĩa tròn sơn mài phi 30,Hàng Sơn Mài,SM/TR/DTR/30,Cái,2,,
Bình Sơn mài Mang cá Picatso lớn (36cm),Hàng Sơn Mài,SM/MCPICASO/L,Cái,2,,
Phin pha cà phê K.H Trung Nguyên,Phin CF,PHINCF/KH/TN,Cái,2,,
Khay mây dẻo hình chữ nhật KT 45x33,"Khay tre, khảm trai, gỗ",KMDHCN/45X33,cái,2,,
cafe hương chồn Wake up 306g,"Đồ Ăn, Thức Uống",8934683007037,Hộp,2,,
Khay mây thảm trai Seal hình chữ nhật KT22x11,"Khay tre, khảm trai, gỗ",KM/HCN/S22X11,Cái,2,,
Khay mây thảm trai hình bầu dục KT 20X30,"Khay tre, khảm trai, gỗ",KMTTHBD/20X30,Cái,2,,
Khay gắn trai hình chữ nhật KT 15x25,"Khay tre, khảm trai, gỗ",KGTHCN/15x25,Cái,2,,
Pikachu len,Len,LEN/PIKACHU,Con,2,,
Búp bê len tóc tết,Len,LEN/BBTT,Con,2,,
Móc khóa len vịt cầm cờ Việt Nam,Len,LEN/MKVCCVN,Cái,2,,
Móc khóa len cô gái áo dài đeo nón,Len,LEN/MKCGADDN,Cái,2,,
Móc khóa len Picachu 1 sợi cao cấp,Len,LEN/MKP1SCC,Cái,2,,
Bình Sơn Mài vòi công cỡ lớn 39 cm,Hàng Sơn Mài,SM/BVCONG/L/39,Cái,2,,
Bình Sơn Mài Vòi Công cỡ nhỏ 27 cm,Hàng Sơn Mài,SM/BVCONG/S/27,Cái,2,,
Bình Sơn Mài vòi thẳng cỡ lớn 32 c,Hàng Sơn Mài,SM/BVT/L/32,Cái,2,,
Bình Sơn Mài Giọt Nước 31 cm,Hàng Sơn Mài,SM/BGNUOC/31,Cái,2,,
Bình Sơn Mài Xoăn cỡ lớn,Hàng Sơn Mài,SM/BXOAN/L,Cái,2,,
Bình Phu Thê bụng bầu (Cao 19 cm),Hàng Sơn Mài,SM/VC/BB/S,Bộ,2,,
Lọ huệ S2 vẽ sen,Hàng Gốm Sứ,ALH251301,chiếc,2,,
GBA Trà bình minh,"Đồ Ăn, Thức Uống",8935305200782,Hộp,2,,
GBA Trà 54 dân tộc,"Đồ Ăn, Thức Uống",8935305200911,Hộp,2,,
GBA Trà hoa hồng,"Đồ Ăn, Thức Uống",8935305200058,Hộp,2,,
Khay bầu dục gắn trai có quai Kt 20x33,"Khay tre, khảm trai, gỗ",KBDGTCQ/20X33,Cái,2,,
Xoài sấy dẻo Sao Khuê,"Đồ Ăn, Thức Uống",8938510945240,Gói,2,,
Chóe C40 vẽ phù dung dây băng vẽ vàng,Hàng Gốm Sứ,ACHOEV402504,Cái,2,,
Bát tô F20 hỏa biến sen CL,Hàng Gốm Sứ,HB/BT/F20/SEN,Cái,2,,
Ấm mắm hoả biến sen,Hàng Gốm Sứ,HBHB/AMM/SEN,Cái,2,,
Chó S1 Deco,Hàng Gốm Sứ,THHTT02/S1,Con,2,,
Mèo cá S1,Hàng Gốm Sứ,THHTT01/S1,Con,2,,
Cú lùn S2,Hàng Gốm Sứ,THHTT09/S2,Con,2,,
Cú lùn S1,Hàng Gốm Sứ,THHTT09/S1,Con,2,,
Bộ khố nam thổ cẩm Tây Nguyên,Quần Áo,BK/NAM/TC/TN,Bộ,2,,
Áo già làng Tây Nguyên,Quần Áo,AGL/TN,Cái,2,,
Đĩa muối HB,Hàng Gốm Sứ,HB/DMU,Cái,2,,
Gác thìa HB sen,Hàng Gốm Sứ,HB/GTH/SEN,cái,2,,
Đĩa F24 trâu sen,Hàng Gốm Sứ,TS/D/F24,cái,2,,
Bát cơm HB,Hàng Gốm Sứ,HB/BC,cái,2,,
Đĩa kê ấm của bộ AC TTS siêu hoa,Hàng Gốm Sứ,DIA/TTS/10,cái,2,,
Trà đinh gói nhỏ 10gr,"Đồ Ăn, Thức Uống",TRA/DB/10GR,Gói,2,,
Tranh đĩa F24 vẽ hoa,Hàng Gốm Sứ,ATDF24/05,cái,2,,
Cà phê Trung Tín hộp bột Arabica có phin 250gr,"Đồ Ăn, Thức Uống",580097/P,Hộp,2,,
Lục bình cổ ngắn 1m3 vẽ tứ cảnh vẽ vàng bọc đồng,Hàng Gốm Sứ,BLBV304006BD,Cái,2,,
Kỷ váy F26,Hàng Gốm Sứ,TDKYVG26,Cái,2,,
Bộ Ac thờ men kem,Hàng Gốm Sứ,TACHD007,Bộ,2,,
Trà xanh shan tuyết A mềnh 3 sao gói 200g,"Đồ Ăn, Thức Uống",8938530964139,Gói,2,,
Bộ AC men HB,Hàng Gốm Sứ,AAC088,Cái,2,,
Xì gà Pyramide extra 54,"Xì Gà, Thuốc Lá",8936009053148,Hộp,2,,
XÌ GÀ VINABOSS 60 ROBUSTO SUPERMO,"Xì Gà, Thuốc Lá",8936009053155,Hộp,2,,
Đĩa bộ ac men gấm cl,Hàng Gốm Sứ,T/AC/GAM/CL_DLE,Cái,2,,
Đồ chơi mini,Hàng Gốm Sứ,DOCHOI,Cái,2,,
phin cà phê màu đỏ phi 7,Phin CF,PCP/DO/7,Hộp,2,,
Đĩa rẻ quạt HB sen,Hàng Gốm Sứ,HB/D/QUAT/SEN,Cái,2,,
Làn nhựa quai da cỡ trung,"Túi xách, Làn, Ví",LNQD/M,Cái,2,,
Áo cô màu hồng size M,Quần Áo,AC/H/M,Cái,2,,
Nước hoa Miss SaiGon Elegance Sapphire N2 (Màu xanh dương) 50ml,Nước Hoa,8934662176020,chai,2,,
Ví thổ cẩm các loại,"Túi xách, Làn, Ví",KKV/12.12.23,Cái,2,,
Bộ Ac trâu đào,Hàng Gốm Sứ,AC29/DAO,Bộ,2,,
Nón cỏ bàng vẽ hoa thường phi 41,"Nón, Nón treo",NCBVHT/41,Cái,2,,
Hoa hòe,"Đồ Ăn, Thức Uống",HHOE,Gói,2,,
Táo đỏ,"Đồ Ăn, Thức Uống",TAODO,Gói,2,,
Khay đựng mứt SM F28,Hàng Sơn Mài,SM/KHM/F28,cái,2,,
Làn nhựa quai da cỡ M KT: 25x39,"Túi xách, Làn, Ví",LNQD/M/25-39,Cái,2,,
Ba lô thổ cẩm to KT: 30x35,"Túi xách, Làn, Ví",TC/BL/30X35,Cái,2,,
Ví thổ cẩm hình cú khoá chuông KT 22x13,"Túi xách, Làn, Ví",TC/VHC,Cái,2,,
TKC xì gà điếu tem vàng dài (hàng gửi),"Xì Gà, Thuốc Lá",XIGA/TV/DAI,Điếu,2,,
Xì gà HANOS - HNC52 (hộp sơn mài 10 điếu/ hộp),"Xì Gà, Thuốc Lá",8936009052578,Hộp,2,,
Xì gà Motesco 55 in Lacquer Box (10 điếu/hộp),"Xì Gà, Thuốc Lá",8936009053124,Hộp,2,,
Lọ chè decan p/cảnh HN,Hàng Gốm Sứ,ALC03,Cái,2,,
BÌNH MAI C35 VẼ NHỊ CẢNH,Hàng Gốm Sứ,ABM35200006,Cái,2,,
BÌNH MAI C35 VẼ SEN VỊT,Hàng Gốm Sứ,ABM35200007,Cái,2,,
Vò S1 vẽ sen và thiếu nữ,Hàng Gốm Sứ,AV312513,Cái,2,,
Khay tròn thảm gỗ có quai KT phi 24,"Khay tre, khảm trai, gỗ",KTTGCQ/24,cái,2,,
Bộ AC TTS siêu hoa,Hàng Gốm Sứ,TTS10,Bộ,2,,
Tranh sơn mài vuông cong 30x30,Hàng Sơn Mài,SM/TR/VC30,Cái,2,,
Đèn lồng tre size M,Đèn lồng,DL/TRE/M,Cái,2,,
Tranh đĩa sen tròn SM cong phi 20,Hàng Sơn Mài,SM/TR/DSTC20,Cái,2,,
Khay tre tròn KT: phi 35 x 5cm,"Khay tre, khảm trai, gỗ",KTT/35X5,Cái,2,,
Khay tròn gắn trai có quai KT phi 24cm,"Khay tre, khảm trai, gỗ",KTGTCQ/24,Cái,2,,
Bình A còng SM 22 cm,Hàng Sơn Mài,BACONG/22,Cái,2,,
Quýt sơn mài phi 10,Hàng Sơn Mài,SM/QUYT10,Cái,2,,
Cam Sơn mài phi 16,Hàng Sơn Mài,SM/CAM16,Cái,2,,
Vò S2 vẽ phố cổ màu,Hàng Gốm Sứ,AV251906,Cái,2,,
Hũ chiêu tài C32 vẽ hoa 2,Hàng Gốm Sứ,AHCT322407L2,Cái,2,,
HŨ CHIÊU TÀI C20 VẼ HOA,Hàng Gốm Sứ,AHCT20170018,Cái,2,,
CỦ HÀNH VẼ HOA CÁC LOẠI,Hàng Gốm Sứ,ACH/C3001,Cái,2,,
Đôn kê phi 30,Hàng Gốm Sứ,DON/F30,Cái,2,,
Bộ ấm chén bưởi vẽ hạc,Hàng Gốm Sứ,AAC0036,Bộ,2,,
Bộ ac Aladin vẽ ngàn hoa vẽ vàng,Hàng Gốm Sứ,AACV028,Bộ,2,,
Bộ aladin vẽ sen chỉ vàng,Hàng Gốm Sứ,AACV0011,Bộ,2,,
Bộ AC Aladin hoa ly vẽ vàng,Hàng Gốm Sứ,AACV001.6,Bộ,2,,
Hũ chiêu lộc vẽ sen vịt,Hàng Gốm Sứ,AHCL382608,Cái,2,,
Lọ đầy đủ vẽ sen vịt 2,Hàng Gốm Sứ,ADD392419L2,Cái,2,,
Vò dẹt vẽ phù dung dây băng,Hàng Gốm Sứ,AV202419,Cái,2,,
Hộp trà TTS sen cá nổi,Hàng Gốm Sứ,TTS/TRA/CA,Cái,1,,
Thỏ len váy thêu hoa,Len,LEN/TVTH,Con,1,,
Ngựa len pony sừng ngũ sắc,Len,LEN/NPONYSNS,Con,1,,
Cáo len chân ngắn đeo cờ Việt Nam,Len,LEN/CCNDCVN,Con,1,,
Kẹo xốp TARO khoai môn Hải Hà 70g,"Đồ Ăn, Thức Uống",8934595060779,Gói,1,,
Cà phê Cộng sữa hòa tan 12 Stick,"Đồ Ăn, Thức Uống",8938531133633,Hộp,1,,
Bình Sơn mài mang cá lỗ Lớn 34 cm,Hàng Sơn Mài,SM/BMCLL/L,Cái,1,,
Bình Sơn mài mang cá lỗ Trung 27 cm,Hàng Sơn Mài,SM/BMCLT/M,Cái,1,,
Búp bê len hoạt hình,Len,LEN/BBHH,Con,1,,
Thỏ len yếm nam size to,Len,LEN/TYN/TR,Con,1,,
Thỏ len ngủ size to,Len,LEN/TN/T,Con,1,,
Trà cung đình gói màu đỏ G10 kèm gói nhỏ KM uống thử,"Đồ Ăn, Thức Uống",89338506776032,Gói,1,,
Đĩa kê ấm bộ Ac hoả biến xanh các loại,Hàng Gốm Sứ,T/AC/DKA/XD/CL,Cái,1,,
Ấm bộ ac hoả biến xanh các loại,Hàng Gốm Sứ,T/AC/AM/XD/CL,Cái,1,,
Đĩa muối vẽ hoa cl,Hàng Gốm Sứ,ADM03,Cái,1,,
Bình A còng 17 cm,Hàng Sơn Mài,BACONG/17,Cái,1,,
Bình Sơn Mài Vầng Trăng đại,Hàng Sơn Mài,SM/BVTRANG/L,Cái,1,,
Socola đen Tiền Giang 70% Marou 80g,"Đồ Ăn, Thức Uống",8938505214436,Thanh,1,,
Tranh đĩa tròn sơn mài phi 45,Hàng Sơn Mài,SM/TR/DTR/45,Cái,1,,
Tranh đĩa tròn sơn mài Phố Cổ phi 45,Hàng Sơn Mài,SM/TR/DTRPCO/45,Cái,1,,
Bình sơn mài vai vuông,Hàng Sơn Mài,SM/BVAIVUONG,Cái,1,,
Bình Sơn mài Mang cá Picatso trung (28 cm),Hàng Sơn Mài,SM/MCPICATSO/M,Cái,1,,
Bình sơn mài mang cá vầng trăng (26 cm),Hàng Sơn Mài,SM/MCVTRANG,Cái,1,,
Bình sơn mài bánh tiêu cỡ trung,Hàng Sơn Mài,SM/BBTIEU/M,Cái,1,,
Bình sơn mài xoăn cỡ nhỏ,Hàng Sơn Mài,SM/BXOAN/S,Cái,1,,
Khay mây dẻo hình bầu dục KT: 28X20,"Khay tre, khảm trai, gỗ",KMDHBD/28X20,Cái,1,,
Khay mây dẻo hình bầu dục KT 34X24,"Khay tre, khảm trai, gỗ",KMDHBD/34x24,Cái,1,,
Khay mây dẻo hình bầu dục KT: 43x33,"Khay tre, khảm trai, gỗ",KMDHBD/43X33,Cái,1,,
Cafe Wake up Sài Gòn 456g,"Đồ Ăn, Thức Uống",8934683007044,Gói,1,,
Túi mây mắt cáo,"Túi xách, Làn, Ví",TMMC,Cái,1,,
Khay mây thảm trai Seal hình vuông KT 22,"Khay tre, khảm trai, gỗ",KMTT/V/SEAL/22,Cái,1,,
Khay mây thảm trai hình bầu dục KT 23X33,"Khay tre, khảm trai, gỗ",KMTTHBD/23X33,Cái,1,,
Khay mây thảm trai hình bầu dục KT 17X27,"Khay tre, khảm trai, gỗ",KMTTHBD/17X27,Cái,1,,
Mèo len chân ngắn,Len,LEN/MCN,Con,1,,
Hổ len chân ngắn,Len,LEN/HCN,Con,1,,
Thỏ len cờ Việt Nam,Len,LEN/TCVN,Con,1,,
Búp bê len bạch tuyết,Len,LEN/BBBT,Con,1,,
Hươu sọc len size to,Len,LEN/HS/T,Con,1,,
Sư tử len không đeo cờ,Len,LEN/STKDC,Con,1,,
Búp bê len tóc xoăn,Len,LEN/BBTX,Con,1,,
Bình Sơn Mài vòi thẳng cỡ nhỏ 26 cm,Hàng Sơn Mài,SM/BVT/S/26,Cái,1,,
Bát tô F18 vẽ hoa CL,Hàng Gốm Sứ,AB18/01,Cái,1,,
Nón quai thao đẹp phi 47cm,"Nón, Nón treo",NQTD/47,Cái,1,,
GBA trà người phụ nữ nghị lực,"Đồ Ăn, Thức Uống",8935305200874,Hộp,1,,
GBA Trà sáng tạo,"Đồ Ăn, Thức Uống",8935305200041,Hộp,1,,
GBA trà gạo lứt huyết rồng thao thủ công,"Đồ Ăn, Thức Uống",8935305201079,Hộp,1,,
GBA Trà hoa cúc,"Đồ Ăn, Thức Uống",8935305200836,Hộp,1,,
Quế sáo gói,"Đồ Ăn, Thức Uống",QS/G,Gói,1,,
Bảo bình vẽ cửu long quần tụ vẽ vàng,Hàng Gốm Sứ,BLBBV14767007,Cái,1,,
Cốc ngọc trai có quai,Hàng Gốm Sứ,C/NT/Q,Cái,1,,
Chậu hoa các loại 06,Hàng Gốm Sứ,TCDG06,Cái,1,,
Mèo S2,Hàng Gốm Sứ,THHTT04/S2,Con,1,,
Mèo S1,Hàng Gốm Sứ,THHTT04/S1,Con,1,,
Chó tai cụp S3,Hàng Gốm Sứ,THHTT12/S3,Cái,1,,
KHAY NAN HCN 13x18 sen,Hàng Gốm Sứ,HB/KH/NAN1318/S,Cái,1,,
Đĩa lá hỏa biến sen,Hàng Gốm Sứ,HB/D/LA/SEN,Cái,1,,
Bát tô F13-14 hỏa biến sen CL,Hàng Gốm Sứ,HB/BT/F13-14/S,Cái,1,,
Bát tô F18 hỏa biến sen CL,Hàng Gốm Sứ,HB/BT/F18/SEN,Cái,1,,
Gạt tàn tròn HB sen CL,Hàng Gốm Sứ,HB/GT/TR/SEN,Cái,1,,
Đĩa hoa hỏa biến 6 cánh sen,Hàng Gốm Sứ,HB/6C/SEN,Cái,1,,
Mèo cá S2,Hàng Gốm Sứ,THHTT01/S2,Con,1,,
Chó tai cụp S2,Hàng Gốm Sứ,THHTT12/S2,Con,1,,
Chó tai cụp S1,Hàng Gốm Sứ,THHTT12/S1,Con,1,,
Ngựa S2,Hàng Gốm Sứ,THHTT13/S2,Con,1,,
Ngựa S1,Hàng Gốm Sứ,THHTT13/S1,Con,1,,
Trà tôm nón Thái Nguyên hộp 300g,"Đồ Ăn, Thức Uống",TRA/TN/300G,Hộp,1,,
Bộ trang phục nhung đen nữ Tây Nguyên,Quần Áo,BTP/ND/NU/TN,Bộ,1,,
Bộ trang phục quấn nữ Tây Nguyên,Quần Áo,BTP/Q/NU/TN,Bộ,1,,
Kẹo Hải Hà cứng nhân Socola gói 90g,"Đồ Ăn, Thức Uống",8934595020957,Gói,1,,
Lọ chè phong cảnh HN vẽ vàng,Hàng Gốm Sứ,ALCV01,cái,1,,
Khay muối đôi HB sen,Hàng Gốm Sứ,HB/2GVI/SEN,cái,1,,
Ấm của bộ AC TTS siêu hoa,Hàng Gốm Sứ,AM/TTS/10,cái,1,,
Trà xanh shan tuyết A mềnh 4 sao gói 200g,"Đồ Ăn, Thức Uống",8938530964122,Gói,1,,
Bình trà trâu sen,Hàng Gốm Sứ,TS/TRA,cái,1,,
Mật ong bạc hà,"Đồ Ăn, Thức Uống",MOBH,Lọ,1,,
Cốc CF cao nắp màu,Hàng Gốm Sứ,CFTM02/H,cái,1,,
ĐỐT TRẦM CÁC LOẠI,Hàng Gốm Sứ,TDTRAMTL01,cái,1,,
Lọ chum sơn mài 25cm,Hàng Sơn Mài,SM/CHUM/25,cái,1,,
Chậu hoa dây móc F43,Hàng Gốm Sứ,T/F43/CHDM,cái,1,,
Bộ AC HB khay tròn miệng nhún,Hàng Gốm Sứ,ACHB/KH/TR,Bộ,1,,
Tỏi miệng loe vẽ tứ cảnh,Hàng Gốm Sứ,ATML634503,cái,1,,
Khay tre có quai,"Khay tre, khảm trai, gỗ",KTCQ,Cái,1,,
khay bầu dục gắn trai có quai KT: 20x30,"Khay tre, khảm trai, gỗ",KBDCQ/20X30,Cái,1,,
Khay tròn gắn trai xếp xoắn F24 cm,"Khay tre, khảm trai, gỗ",KTGTXX/24,cái,1,,
Cốc lọc cà phê méo,Hàng Gốm Sứ,CFTM06,Cái,1,,
NÓN DÂY TRƠN BỘ 7 CÁI,"Nón, Nón treo",NDT/7,Cái,1,,
Xì gà Vinaboss's Pyramide 52 (hộp gỗ vàng 10 điếu),"Xì Gà, Thuốc Lá",8936009053131,Hộp,1,,
Xì gà HANOS - HNC 56 (hộp sợn mài 10 điếu),"Xì Gà, Thuốc Lá",8936009052615,Hộp,1,,
LỌ LY SM F20,Hàng Sơn Mài,SM/LY20,Cái,1,,
Sọt cói nhỏ,"Túi xách, Làn, Ví",SC/N,Cái,1,,
"Bộ AC ấm Aladin bốn mùa, chuồn mưa chỉ vàng (HS. Đ. Long)",Hàng Gốm Sứ,AACV031,Bộ,1,,
Khay vuông gỗ màu nâu KT: 20x20,"Khay tre, khảm trai, gỗ",KVG/N/20X20,cái,1,,
Nón dây trơn bộ 5 cái,"Nón, Nón treo",NDT/5,Cái,1,,
Giá đũa thờ gỗ,Đũa,G/GDT,Cái,1,,
Bình rượu Sake HB sen,Hàng Gốm Sứ,SAKE/BR/HB/SEN,Cái,1,,
Bi đông tròn sen HB,Hàng Gốm Sứ,HB/BD/TR/SEN,Cái,1,,
Set AC và hộp trà vuốt tay,Hàng Gốm Sứ,TDCAC01,Bộ,1,,
"BỘ ẤM TÍCH 0,75L MEN ĐÁ",Hàng Gốm Sứ,T/TICH/0.75L/MD,Bộ,1,,
Lọ SM vẽ hoa nổi KT 80x20,Hàng Sơn Mài,SM/LVHN/80X20,Lọ,1,,
Đĩa kê ấm của bộ AC TTS GT lùn,Hàng Gốm Sứ,TTS/GTAY_DKA,chiếc,1,,
Ấm của bộ AC TTS GT lùn,Hàng Gốm Sứ,TTS/GTAY_AM,chiếc,1,,
Làn cói to có dây trang trí KT: 38x30x12,"Túi xách, Làn, Ví",MY/LAN/01,Cái,1,,
Ví lụa thêu hoa cầm tay 26x6,"Túi xách, Làn, Ví",TC/VLTH,Cái,1,,
Bộ AC trâu sen,Hàng Gốm Sứ,AC29/SEN,Bộ,1,,
Bộ AC men gấm các loại,Hàng Gốm Sứ,T/AC/GAM/CL,Bộ,1,,
Nụ tam thất,"Đồ Ăn, Thức Uống",NU/TTHAT,Gói,1,,
Đường phèn,"Đồ Ăn, Thức Uống",D/PHEN,Hộp,1,,
Trà Hồng trà gói hút chân không 100g,"Đồ Ăn, Thức Uống",8936095576538,Gói,1,,
Hộp đựng bánh kẹo SM F15,Hàng Sơn Mài,SM/BMK/F15,Hộp,1,,
Giá đũa,Đũa,TDTMV80,Bộ,1,,
Bình thọ gỗ SM 14cm,Hàng Sơn Mài,SM/BTG/14,Cái,1,,
Khay mây tre đựng bánh kẹo có nắp KT: F30x9,"Khay tre, khảm trai, gỗ",MY/KH/F30,Cái,1,,
Túi cói đeo vai miệng tim KT: 20x32,"Túi xách, Làn, Ví",TCDMT,Cái,1,,
Túi cói quai xách đính hoa KT: 26x20,"Túi xách, Làn, Ví",TCQXDH/26x20,Cái,1,,
Túi thổ cẩm to KT: 40x45,"Túi xách, Làn, Ví",VA/T05,Cái,1,,
Túi cói quai da đeo vai,"Túi xách, Làn, Ví",TCQDDV,Cái,1,,
Túi xách thổ cẩm quai xách KT: 15x22,"Túi xách, Làn, Ví",KKT/12.12.23,Cái,1,,
Túi cói xách đeo vai buộc nơ KT: 24x 30,"Túi xách, Làn, Ví",TTCXDVBN,Cái,1,,
Túi có quai xách đính hoa cúc KT: 29x39,"Túi xách, Làn, Ví",MY/TUI/03,Cái,1,,
Túi cói vỏ sò,"Túi xách, Làn, Ví",TCVS,Cái,1,,
Tỳ bà S3 vẽ sen loại 2,Hàng Gốm Sứ,ATB351802L2,Cái,1,,
Vò S1 vẽ sen vịt 2,Hàng Gốm Sứ,AV31250004L2,Cái,1,,
Hũ chiêu lộc vẽ sen vịt 2,Hàng Gốm Sứ,AHCL382608L2,Cái,1,,
HŨ CHIÊU TÀI C20 VẼ SEN,Hàng Gốm Sứ,AHCT201707,Cái,1,,
VÒ GIẢ VUỐT VẼ HOA,Hàng Gốm Sứ,ALVUOT2616014,Cái,1,,
Lọ hoa vẽ cúc,Hàng Gốm Sứ,GXLH06,Cái,1,,
Bộ A/C cành vẽ đào phai,Hàng Gốm Sứ,AAC078,Cái,1,,
Bộ A/C lõm vẽ chuồn,Hàng Gốm Sứ,AAC012,Cái,1,,
Lọ hoa C38 vẽ ánh trăng sau rừng cây,Hàng Gốm Sứ,ALH38190007,Cái,1,,
Hũ vuốt vẽ dây móc,Hàng Gốm Sứ,ABH201602,Cái,1,,
Vò dẹt vẽ hoa cỏ 2,Hàng Gốm Sứ,AV20240011L2,Cái,1,,
Vò dẹt vẽ ruộng bậc thang,Hàng Gốm Sứ,AV20240015,Cái,1,,
Lọ giả vuốt vẽ chữ thư pháp,Hàng Gốm Sứ,ALVUOT2616006,Cái,1,,
Hũ chiêu tài C22 vẽ phong cảnh,Hàng Gốm Sứ,AHCT22180031,Cái,1,,
Lọ đầy đủ vẽ cúc kê,Hàng Gốm Sứ,ADD39240004,Cái,1,,
Vò dẹt vẽ đồng quê 2,Hàng Gốm Sứ,AV20240005L2,Cái,1,,
Vò dẹt vẽ ô ăn quan 2,Hàng Gốm Sứ,AV20240007L2,Cái,1,,
Vò dẹt vẽ giã gạo,Hàng Gốm Sứ,AV20240008,Cái,1,,
Lọ đầy đủ vẽ đồng quê,Hàng Gốm Sứ,ADD39240008,Cái,1,,
Vò S2 vẽ mẹ con,Hàng Gốm Sứ,AV25190005,Cái,1,,
Hũ chiêu tài C22 vẽ mẹ gánh con,Hàng Gốm Sứ,AHCT22180021,Cái,1,,
Hũ chiêu tài C22 vẽ mã đáo thành công,Hàng Gốm Sứ,AHCT221838,Cái,1,,
MR.VIET Xoài Sấy Chín Mọng & Dẻo Ngọt (MR.VIET Dried Mango Ripe & Sweet),"Đồ Ăn, Thức Uống",8936135431650,Gói,1,,
Đĩa vuông sơn mài cô gái xanh cốm size L,Hàng Sơn Mài,SM/DV/XC/G/L,cái,1,,
Đĩa vuông sơn mài cô gái xanh cốm size M,Hàng Sơn Mài,SM/DV/XC/G/M,Cái,1,,
Đĩa vuông sơn mài cô gái xanh cốm size S,Hàng Sơn Mài,SM/DV/XC/G/S,Cái,1,,
Đĩa vuông sơn mài hình Gà size S,Hàng Sơn Mài,SM/D/V/GA/S,Cái,1,,
Tranh sơn mài vuông 30x30,Hàng Sơn Mài,SM/TR/V30,Cái,1,,
Bình trứng hỏa biến,Hàng Gốm Sứ,HB/EGG,Cái,1,,
"Bình quả dưa HB (thấp, miệng rộng)",Hàng Gốm Sứ,HB/B/DUA.2,Cái,1,,
"Bình quả dưa HB (cao, miệng nhỏ)",Hàng Gốm Sứ,HB/B/DUA.1,Cái,1,,
Đôi cá chép men hỏa biến,Hàng Gốm Sứ,HB/CA1,Cái,1,,
Vò hoa nổi các màu,Hàng Gốm Sứ,AV1720002,Cái,1,,
Vò S2 hoa nổi,Hàng Gốm Sứ,AV251908,Cái,1,,
Đế gỗ F17,Hàng Gốm Sứ,DG/F17,Cái,1,,
Gạt tàn TTS,Hàng Gốm Sứ,TTS/GT,Cái,1,,
Hộp trà TTS,Hàng Gốm Sứ,TTS/TRA,Cái,1,,
Lọc chè TTS,Hàng Gốm Sứ,TTS/LC,Cái,1,,
LỌC CHÈ TTS CÁ NỔI,Hàng Gốm Sứ,TTS/LC/CA,Cái,1,,
LỌ TĂM TTS CÁ NỔI,Hàng Gốm Sứ,TTS/TAM/CA,Cái,1,,
Bộ AC TTS GT lùn,Hàng Gốm Sứ,TTS/GTAY,Bộ,1,,
BỘ AC TTS SEN CÁ NỔI,Hàng Gốm Sứ,TTS/SC,Bộ,1,,
Nón Bắc Bộ trơn trẻ em,"Nón, Nón treo",NBBTTE,Cái,1,,
Đèn lồng tre size L,Đèn lồng,DL/TRE/L,Cái,1,,
Khay chữ nhật gắn trai KT: 22x33,"Khay tre, khảm trai, gỗ",KCNGT/22X33,Cái,1,,
Khay vuông gắn trai KT: 25cm,"Khay tre, khảm trai, gỗ",KVGT/25,Cái,1,,
Khay vuông gắn trai KT: 29cm,"Khay tre, khảm trai, gỗ",KVGT/29,Cái,1,,
Kỷ váy F35,Hàng Gốm Sứ,TDKYVG35,Cái,1,,
Chậu hoa vẽ hoa nâu cổ,Hàng Gốm Sứ,AC5453001,Cái,1,,
Vò giả vuốt vẽ Hội An,Hàng Gốm Sứ,ALVUOT2616020,Cái,1,,
Hũ chiêu tài C32 vẽ hoa Thạch Thảo,Hàng Gốm Sứ,AHCT32240004,Cái,1,,
HŨ CHIÊU LỘC C38 VẼHOA,Hàng Gốm Sứ,AHCL382605,Cái,1,,
Lọ đu đủ vẽ hoa,Hàng Gốm Sứ,ADD392014,Cái,1,,
Vò giả vuốt vẽ sơn thuỷ,Hàng Gốm Sứ,ALVUOT2616001,Cái,1,,
Vò hoa vuốt tay 2,Hàng Gốm Sứ,ALVUOT0001L2/VE,Cái,1,,
Lọ đầy đủ vẽ hoa,Hàng Gốm Sứ,ADD392415,Cái,1,,
Đôn 36 vẽ ngàn hoa,Hàng Gốm Sứ,BD361901,Cái,1,,
Chậu rửa tay vẽ ngàn hoa 2,Hàng Gốm Sứ,BCR441601L2,Cái,1,,
Thống vẽ sen,Hàng Gốm Sứ,ATHONG44520002,Cái,1,,
Bộ AC HL trăng vàng bé,Hàng Gốm Sứ,TACHL030,Bộ,1,,
Bộ AC sao xanh 04,Hàng Gốm Sứ,TACHL021,Bộ,1,,
Bộ AC hồng sa ấm k10,Hàng Gốm Sứ,TACHL009,Bộ,1,,
Bộ aladin vẽ tứ cảnh,Hàng Gốm Sứ,AAC0003,Bộ,1,,
Bộ AC cát tường phù dung dây băng,Hàng Gốm Sứ,AAC101,Bộ,1,,
Bộ AC aladin vẽ hoa phù dung chỉ vàng,Hàng Gốm Sứ,AACV0032V,Bộ,1,,
Bộ AC cát tường phù dung (màu) chỉ vàng,Hàng Gốm Sứ,AACV097,Bộ,1,,
Bộ AC cát tường vẽ hoa vẽ vàng,Hàng Gốm Sứ,AACV0024,Bộ,1,,
"Bộ AC cát tường họa tiết, hoa văn chỉ vàng",Hàng Gốm Sứ,AACV102,Bộ,1,,
Bộ ấm chén nón vẽ băng mai chỉ vàng,Hàng Gốm Sứ,AACV093,Bộ,1,,
Bộ AC cát tường băng mai chỉ vàng L2,Hàng Gốm Sứ,AACV095L2,Bộ,1,,
Bộ AC cát tường băng mai chỉ vàng,Hàng Gốm Sứ,AACV095,Bộ,1,,
Bộ AC cát tường vẽ sen chỉ vàng,Hàng Gốm Sứ,AACV096,Bộ,1,,
Tỏi dáng mới vẽ sen hạc,Hàng Gốm Sứ,ACT4528017,Cái,1,,
Lọ cổ hạc vẽ sen cá 2,Hàng Gốm Sứ,ALCH352507L2,Cái,1,,
Vò S2 vẽ hoa,Hàng Gốm Sứ,AV251900010,Cái,1,,
Tỳ bà S4 vẽ sen,Hàng Gốm Sứ,ATB311406,Cái,1,,
Hũ chiêu tài vẽ sen,Hàng Gốm Sứ,AHCT2218017,Cái,1,,
Hũ chiêu tài C22 vẽ hoa dây,Hàng Gốm Sứ,AHCT22180036,Cái,1,,
Tỏi dẹt vẽ vàng,Hàng Gốm Sứ,GXTDVS302,Cái,1,,
Chóe 30 lít vẽ sen cá,Hàng Gốm Sứ,BCH664006,Cái,1,,
Lọ đầy đủ vẽ phù dung băng 2,Hàng Gốm Sứ,ADD392421L2,Cái,1,,
Bộ ấm chén aladin vẽ sen,Hàng Gốm Sứ,AAC0011,Bộ,1,,
Bộ trà đại vẽ sen,Hàng Gốm Sứ,AAC025,Bộ,1,,
Cà phê Cộng nâu kem muối hòa tan 12 Stick,"Đồ Ăn, Thức Uống",8935366803458,Hộp,0,,
Cà phê Cộng cốt dừa hòa tan 12 Stick,"Đồ Ăn, Thức Uống",8938531133572,Hộp,0,,
Bạch tiên Sấy Lạnh hộp 100 g,"Đồ Ăn, Thức Uống",BTSL/100G,Cái,0,,
Thỏ len yếm size to,Len,LEN/TY/T,Con,0,,
Trà cung đình gói màu xanh G9,"Đồ Ăn, Thức Uống",8938506776032,Gói,0,,
Xoài phủ Socola đen Marou 100g,"Đồ Ăn, Thức Uống",8938551295304,Hộp,0,,
Socola Milk Chocolate 48% Cacao Marou 80g,"Đồ Ăn, Thức Uống",8938505214467,Thanh,0,,
Chén bộ AC men gấm cl,Hàng Gốm Sứ,T/AC/GAM/CL/CLE,Cái,0,,
Khay vuông gắn trai có tay cầm KT 33cm,"Khay tre, khảm trai, gỗ",KVGTCTC/33,Cái,0,,
Khay vuông gắn trai có tay cầm KT 27cm,"Khay tre, khảm trai, gỗ",KVGTCTC/27,Cái,0,,
Socola gift set 6x24gr Marou,"Đồ Ăn, Thức Uống",8938505214337,Set,0,,
Socola Arabica Coffee Lâm Đồng 64% Marou 24g,"Đồ Ăn, Thức Uống",8938505214672,Thanh,0,,
Socola Milk Chocolate 48% Cacao 24g,"Đồ Ăn, Thức Uống",8938505214474,Thanh,0,,
Bình Sơn Mài sẻ nhí,Hàng Sơn Mài,SM/BSE/S,Cái,0,,
Bột Cacao nguyên chất 16-18% Heyday,"Đồ Ăn, Thức Uống",8938512644011,Hộp,0,,
Xoài sấy dẻo muối ớt gói 500g,"Đồ Ăn, Thức Uống",XSD/MO/500G,Gói,0,,
Làn nhựa kt 31x31,"Túi xách, Làn, Ví",LN/31x31,Cái,0,,
Làn nhựa có khóa đính quả bông,"Túi xách, Làn, Ví",LN/K/QB,Cái,0,,
Làn nhựa dẻo KT 30X35,"Túi xách, Làn, Ví",LND/30X35,Cái,0,,
Làn nhựa loại đẹp cỡ M KT 25-39,"Túi xách, Làn, Ví",LN/D/M/25-39,Cái,0,,
Làn nhựa KT 26X40,"Túi xách, Làn, Ví",LN/26X40,Cái,0,,
Khay mây thảm trai Seal hình chữ nhật KT 37x24,"Khay tre, khảm trai, gỗ",KM/HCN/S37X24,Cái,0,,
Minion len chân ngắn,Len,LEN/MINIONCN,Con,0,,
Voi len chân ngắn đeo cờ Việt Nam,Len,LEN/VCNDCVN,Con,0,,
Lợn len chân ngắn đeo cờ Việt Nam,Len,LEN/LCNDCVN,Con,0,,
Khỉ len chân ngắn,Len,LEN/KCN,Con,0,,
Mèo len chân ngắn đeo cờ Vệt Nam,Len,LEN/MCNDCVN,Con,0,,
Thỏ len chân ngắn,Len,LEN/TCN,Con,0,,
Thỏ len dâu,Len,LEN/TD,Con,0,,
Gấu len cờ Việt Nam,Len,LEN/GCVN,Con,0,,
Người nhện len,Len,LEN/NN,Con,0,,
Minion len,Len,LEN/MINION,Con,0,,
Búp bê len hoa mai,Len,LEN/BBHM,Con,0,,
Gấu len đeo hũ mật,Len,LEN/GDHM,Con,0,,
Thỏ ngực khoang len đeo cà rốt,Len,LEN/TNKDCR,Con,0,,
Thỏ ngọc len,Len,LEN/TN,Con,0,,
Búp bê len dứa,Len,LEN/BBD,Con,0,,
Thỏ len tai dài,Len,LEN/TTD,Con,0,,
Mèo len,Len,LEN/M,Con,0,,
Helo Kity len ngồi,Len,LEN/HKN,Con,0,,
Xoài Sơn Mài cỡ S (Cao 22 cm),Hàng Sơn Mài,SM/XOAI/S,Cái,0,,
Bình Sơn Mài vòi Công cỡ trung 32 cm,Hàng Sơn Mài,SM/BVCONG/M/32,Cái,0,,
Bát tô F20 vẽ sen,Hàng Gốm Sứ,T/BTO/SEN/F20,Cái,0,,
Đĩa mặt trời S2 vẽ hoa CL loại 2,Hàng Gốm Sứ,ADMT01L2,Cái,0,,
Bát mắm vẽ hoa CL,Hàng Gốm Sứ,ABMAM02,Cái,0,,
áo cô màu tím size M,Quần Áo,AC/T/M,Cái,0,,
GBA Trà hoa nhài,"Đồ Ăn, Thức Uống",8935305200355,Hộp,0,,
MUÔI,Hàng Gốm Sứ,THDMUOI,Cái,0,,
ÂU CƠM MEN KEM,Hàng Gốm Sứ,T/AU/MK,Cái,0,,
BÁT TÔ F18 MEN KEM,Hàng Gốm Sứ,T/BT18/MK,Cái,0,,
BẦU DỤC MÚI S1 MEN KEM,Hàng Gốm Sứ,T/BD30/MK,Cái,0,,
ĐĨA SAO MEN KEM S1 CL,Hàng Gốm Sứ,T/D/SAO1/MK,Cái,0,,
ĐĨA VUÔNG F20 MEN KEM,Hàng Gốm Sứ,T/D/V/20/MK,Cái,0,,
ĐĨA ẢO F20 MEN KEM,Hàng Gốm Sứ,T/D/AO/20/MK,Cái,0,,
ĐĨA F18 MEN KEM,Hàng Gốm Sứ,T/D18/MK,Cái,0,,
ĐĨA F16 MEN KEM,Hàng Gốm Sứ,T/D16/MK,Cái,0,,
BÁT MẮM MEN KEM,Hàng Gốm Sứ,T/BM/MK,Cái,0,,
Bình mai dáng mới vẽ cửu ngư quần hội vẽ vàng,Hàng Gốm Sứ,ABMV663211,Cái,0,,
Chóe C35 vẽ hoa dây vẽ vàng,Hàng Gốm Sứ,ACHOEV351901,Cái,0,,
cốc CF nắp màu - Finlom xanh,Hàng Gốm Sứ,CFTM02/XN,Cái,0,,
Cốc CF nắp màu - Finlom đỏ,Hàng Gốm Sứ,CFTM02/D,Cái,0,,
Gà S2,Hàng Gốm Sứ,GA/3C/S2,Con,0,,
Gà S1,Hàng Gốm Sứ,GA/3C/S1,Con,0,,
Bình đường hỏa biến sen,Hàng Gốm Sứ,HB/CAM8/SEN,Cái,0,,
Bộ trang phục nữ Tây Nguyên,Quần Áo,BTP/NU/TN,Bộ,0,,
Cốc vuốt ngọc trai,Hàng Gốm Sứ,C/V/NT,cái,0,,
Đồ cắt Xì gà COHIBA,"Xì Gà, Thuốc Lá",DCXG,cái,0,,
Đĩa Hà Nội F16,Hàng Gốm Sứ,ADF16,cái,0,,
Đĩa F22 hỏa biến,Hàng Gốm Sứ,HB/D/F22,cái,0,,
Bát tô F13-F14 HB CL,Hàng Gốm Sứ,HB/BT/F13-14,cái,0,,
Bát tô F18 HB CL,Hàng Gốm Sứ,HB/BT/F18,cái,0,,
Bát cơm trâu sen,Hàng Gốm Sứ,TS/BAT,cái,0,,
Trà ướp bông sen gói 2 bông,"Đồ Ăn, Thức Uống",TUBS/2,Gói,0,,
Gạt tàn trâu sen,Hàng Gốm Sứ,TS/GT,CÁI,0,,
Lọ tăm trâu sen,Hàng Gốm Sứ,TS/TAM,CÁI,0,,
AC DL bộ vuông số 2,Hàng Gốm Sứ,TACDL003,Bộ,0,,
Khay vuông gắn trai KT: 17cm,"Khay tre, khảm trai, gỗ",KVGT/17,cái,0,,
Đĩa men rạn F26,Hàng Gốm Sứ,MR/D/F26,cái,0,,
Tỏi miệng loe S1 vẽ sen cá,Hàng Gốm Sứ,ATML65390003,bình,0,,
Túi cỏ bàng trơn,"Túi xách, Làn, Ví",TCBT,Cái,0,,
Khay chữ nhật gắn trai có tay cầm KT 30x20,"Khay tre, khảm trai, gỗ",KCNGTCTC/30X20,cái,0,,
lọ hoa LB cao (30) 35P SKXN,Hàng Gốm Sứ,T/LB/H35/SKX,cái,0,,
Chén lẻ của bộ AC TTS siêu hoa,Hàng Gốm Sứ,TTS10/CHLE,cái,0,,
Cà phê Trung Tín hộp hạt Robusta 500gr,"Đồ Ăn, Thức Uống",8936021580127,Hộp,0,,
Cà phê Trung Tín hạt Culi 500gr,"Đồ Ăn, Thức Uống",8936021580110,Hộp,0,,
Trà hoa cúc (gói),"Đồ Ăn, Thức Uống",TRA/HC,Gói,0,,
Cà phê mix A+C+R đã xay gói 200g,"Đồ Ăn, Thức Uống",CP/ACR/DX/200G,Gói,0,,
Khay tròn gắn trai xếp xoắn KT: F26 cm,"Khay tre, khảm trai, gỗ",KTGTXX/26,cái,0,,
Đĩa mây khảm trai miệng xoắn KT: F21,"Khay tre, khảm trai, gỗ",DMKTMX/21,Cái,0,,
Khay vuông gắn trai KT: 21cm,"Khay tre, khảm trai, gỗ",KVGT/21,Cái,0,,
Khay chữ nhật gắn trai có tay cầm KT:30x35,"Khay tre, khảm trai, gỗ",KCNGTCTC/30X35,Cái,0,,
CÔ GÁI ÁO DÀI SM 20,Hàng Sơn Mài,SM/G/AD20,Cái,0,,
CÔ GÁI ÁO DÀI SM 15,Hàng Sơn Mài,SM/G/AD/15,Cái,0,,
Cà phê mix A+C+R Trung Tín gói 500g,"Đồ Ăn, Thức Uống",CP/ACR/T/500G,Gói,0,,
Cà phê Arabica Trung Tín gói 500g,"Đồ Ăn, Thức Uống",CP/A/T/500G,Gói,0,,
Cà phê Robusta Trung Tín gói 500g,"Đồ Ăn, Thức Uống",CP/R/T/500G,Gói,0,,
Khăn xếp nam xanh dương,Quần Áo,KX/XD,Cái,0,,
Khay bầu dục gắn trai KT: 17x27,"Khay tre, khảm trai, gỗ",KBDGT/17X27,cái,0,,
XOÀI SẤY DẺO GÓI 500G,"Đồ Ăn, Thức Uống",XSD/500G,Gói,0,,
CAPHE CULI GÓI 200G,"Đồ Ăn, Thức Uống",CP/C/200G,Gói,0,,
Cà phê Culi Trung Tín gói 500g,"Đồ Ăn, Thức Uống",CP/C/T/500G,Gói,0,,
Cà phê Moka Trung Tín gói 500g,"Đồ Ăn, Thức Uống",CP/M/T/500G,Gói,0,,
Cà phê Robusta mix Arabica Trung Tín gói 500g,"Đồ Ăn, Thức Uống",CP/R/A/T/500G,Gói,0,,
Kỷ tử đỏ,"Đồ Ăn, Thức Uống",KTDO,Gói,0,,
Ấm bộ ac men gấm cl,Hàng Gốm Sứ,T/AC/GAM/CL_ALE,Cái,0,,
Mít Sấy gói 250 G,"Đồ Ăn, Thức Uống",MS/250G,Gói,0,,
Đĩa kê ấm men xanh hoa đào,Hàng Gốm Sứ,TACHD006-DA,Cái,0,,
ĐĨA CHÉN MEN XANH HOA ĐÀO,Hàng Gốm Sứ,TACHD006-DC,Cái,0,,
CHÉN MEN XANH HOA ĐÀO,Hàng Gốm Sứ,TACHD006-C,Cái,0,,
ẤM MEN XANH HOA ĐÀO,Hàng Gốm Sứ,TACHD006-AM,Cái,0,,
CỐC TRỤ MEN XANH HOA ĐÀO,Hàng Gốm Sứ,LBN01/C,cái,0,,
Lá tim tam thái,Hàng Gốm Sứ,TDIATL10,Cái,0,,
Đĩa chấm tam thái các dáng,Hàng Gốm Sứ,TDIATL034,Cái,0,,
"ĐĨA KÊ BỘ ẤM TÍCH 0,75L MEN ĐÁ",Hàng Gốm Sứ,DK/0.75L/MD,cái,0,,
CỐC BỘ ẤM TÍCH 0.75ML MEN ĐÁ,Hàng Gốm Sứ,C/0.75L/MD,cái,0,,
Đôi đũa thốt nốt,Đũa,DUA/TN/DOI,ĐÔI,0,,
Đĩa tròn F12 tam thái,Hàng Gốm Sứ,TDIATL02,Cái,0,,
Đĩa sò tam thái,Hàng Gốm Sứ,TDIATL01,Cái,0,,
Đĩa lá cl,Hàng Gốm Sứ,TDIATL30,Cái,0,,
Bình Sake tam thái,Hàng Gốm Sứ,T/SK/3T,Cái,0,,
Gác thìa cl,Hàng Gốm Sứ,T/GTH/CL,Cái,0,,
Ấm hoa tam thái cl,Hàng Gốm Sứ,T/AM/3T,Cái,0,,
Cốc vẽ cl,Hàng Gốm Sứ,T/COC/CL,Cái,0,,
Ấm bầu S1 cl,Hàng Gốm Sứ,T/AM/CL/S1,Cái,0,,
Chén vẽ các loại,Hàng Gốm Sứ,TCHENTL01,Cái,0,,
Đĩa F22 tam thái,Hàng Gốm Sứ,TDIATL26,Cái,0,,
Bộ áo dài nam xanh,Quần Áo,BAD/NAM/X,Bộ,0,,
Bi đông sen HB,Hàng Gốm Sứ,HB/BD/SEN,Cái,0,,
Lọ vuốt sen HB,Hàng Gốm Sứ,HB/L/V/SEN,Cái,0,,
Lót ly sơn mài tròn,Hàng Sơn Mài,SM/LOTLY/TR,Hộp,0,,
Kỷ tử đỏ gói 400g,"Đồ Ăn, Thức Uống",KTD/400G,Gói,0,,
Túi đeo vai thổ cẩm,"Túi xách, Làn, Ví",TUI/THOCAM,Cái,0,,
Cà phê Robusta 500g,"Đồ Ăn, Thức Uống",CP/R/500G,Gói,0,,
Túi cói tròn phi 43,"Túi xách, Làn, Ví",TCT/43,Cái,0,,
Túi cói đeo vai miệng tim KT: 20x32,"Túi xách, Làn, Ví",TCD VMT,Cái,0,,
Lọ ruột phích vẽ đồng quê,Hàng Gốm Sứ,ARP28150004,Cái,0,,
Hũ chiêu tài C20 vẽ 12cg (mão),Hàng Gốm Sứ,AHCT20170004,Cái,0,,
Vò hoa vuốt tay L2,Hàng Gốm Sứ,ALVUOT001L2,Cái,0,,
Hũ chiêu tài C20 vẽ 12 con giáp (Dậu),Hàng Gốm Sứ,AHCT20170010,Cái,0,,
Hũ chiêu tài C20 vẽ 12cg( hợi),Hàng Gốm Sứ,AHCT20170012,Cái,0,,
Lọ thiên hương vẽ lan kê,Hàng Gốm Sứ,ALTH35180015,Cái,0,,
Phin cà phê Kim Hằng màu đen F7,Phin CF,PCP/KH/DEN/7,Hộp,0,,
Nụ vối,"Đồ Ăn, Thức Uống",NVOI,Gói,0,,
Hạt điều bóc vỏ gói 500g,"Đồ Ăn, Thức Uống",H/DIEU/BV/G/500G,Gói,0,,
Cốc CF loe,Hàng Gốm Sứ,CF/CL/5M,Cái,0,,
Cốc vuốt chấm có quai,Hàng Gốm Sứ,HB/C/VC/Q,Cái,0,,
Cốc HB có quai chấm,Hàng Gốm Sứ,HB/C/Q/C,Cái,0,,
Cốc vuốt chấm,Hàng Gốm Sứ,HB/C/VC/5M,chiếc,0,,
Cốc béo sen HB CL,Hàng Gốm Sứ,HB/C/TO/SEN,Cái,0,,
Bộ nón lá 5 cái loại to,"Nón, Nón treo",NL/ 5,Bộ,0,,
Bộ nón lá 5 cái loại nhỏ,"Nón, Nón treo",NL/5/S,Bộ,0,,
Hộp giấy ăn vuông SM gắn trai kiểu chỉ,Hàng Sơn Mài,SM/TRAI/HGAV/C,Hộp,0,,
Sổ mành,Thủ công mỹ nghệ,SO/M,Cái,0,,
Túi xách ô van xếp xoắn mây KT: 22x10x17,"Túi xách, Làn, Ví",TXOVXXM,Cái,0,,
Làn tre KT: 14x16x18,"Túi xách, Làn, Ví",MTT/LA/TRE,Cái,0,,
Túi cói tròn phi 43,"Túi xách, Làn, Ví",PVN441,Cái,0,,
Túi cói quai da KT: 40x44,"Túi xách, Làn, Ví",PVN440,Cái,0,,
Túi xách vải dù lượn sóng KT: 20x31,"Túi xách, Làn, Ví",TXVDLS,Cái,0,,
Túi cói đeo vai kẻ ngang đính quả gỗ KT: 36x40,"Túi xách, Làn, Ví",TCDVKNDQG,Cái,0,,
Túi cói đeo vai KT: 21x 31,"Túi xách, Làn, Ví",PVN438,Cái,0,,
Làn cói to dây trang trí KT 38x 30x 12,"Túi xách, Làn, Ví",MY/ LAN/01,Cái,0,,
Túi cói đeo vai kẻ ngang KT: 21x32,"Túi xách, Làn, Ví",TCDVKN,Cái,0,,
Túi cói phong bì tua rua,"Túi xách, Làn, Ví",TCPBTR,Cái,0,,
Cà phê C + Bạc Xỉu,"Đồ Ăn, Thức Uống",CPC/CF/BX,Hộp,0,,
Cà phê phin giấy Độc Lập,"Đồ Ăn, Thức Uống",CPC/CF/DL/P,Hộp,0,,
Cà phê phin giấy Tự Do,"Đồ Ăn, Thức Uống",CPC/CF/TD/F,Hộp,0,,
Cà phê phin giấy phở Việt Nam,"Đồ Ăn, Thức Uống",CPC/CF/PVN/F,Hộp,0,,
Khay tre cỡ to,"Khay tre, khảm trai, gỗ",KTM02,Cái,0,,
Khay tre cỡ nhỏ,"Khay tre, khảm trai, gỗ",KTM01,Cái,0,,
KHAY TRE CỠ NHỠ,"Khay tre, khảm trai, gỗ",KTM04,Cái,0,,
Bánh nón lá Star Kitchen (Black Pepper),"Đồ Ăn, Thức Uống",8938532872036,Hộp,0,,
Bánh nón lá Star Kitchen (Cashew nut),"Đồ Ăn, Thức Uống",8938532872135,Hộp,0,,
Bánh nón lá Star Kitchen (Coconut Coffee),"Đồ Ăn, Thức Uống",8938532872012,Hộp,0,,
Bánh mì Rusk (hộp 6 cái),"Đồ Ăn, Thức Uống",8938532872524,Hộp,0,,
Bánh mì Rusk (hộp 18 cái),"Đồ Ăn, Thức Uống",8938532872531,Hộp,0,,
Bánh quy Chuối Sài gòn Star Kitchen,"Đồ Ăn, Thức Uống",8938532872579,Hộp,0,,
Chả giò tôm Star Kichen,"Đồ Ăn, Thức Uống",8938532872807,Hộp,0,,
Tích lộc S3 vẽ sen vịt,Hàng Gốm Sứ,ATL2824006,Hộp,0,,
LỌ ĐẦY ĐỦ VẼ HOA VĂN CỔ 2,Hàng Gốm Sứ,ADD39240007L2,Cái,0,,
Vò dẹt vẽ hoa bèo,Hàng Gốm Sứ,AV20240002,Cái,0,,
LỌ RUỘT PHÍCH VẼ THUẬN BUỒM,Hàng Gốm Sứ,BRP28150008,Cái,0,,
Tích lộc s1 công đào,Hàng Gốm Sứ,ATL332802,Cái,0,,
Lọ cổ hạc vẽ lá,Hàng Gốm Sứ,ALCH332003,Cái,0,,
Bình long phượng,Hàng Gốm Sứ,ABLP43180001,Cái,0,,
Vò hoa nổi các màu,Hàng Gốm Sứ,AVO17200001,Cái,0,,
VẠI VẼ CÁC LOẠI 2,Hàng Gốm Sứ,AVAI292001L2,Cái,0,,
Vò tròn vẽ cá đàn,Hàng Gốm Sứ,AV1720001,Cái,0,,
Bộ AC tròn men kem vẽ CL,Hàng Gốm Sứ,TACHD004,Cái,0,,
Bộ A/C vẽ phong lan,Hàng Gốm Sứ,AAC014,Bộ,0,,
Hũ chiêu tài C20 vẽ 12CG (dần),Hàng Gốm Sứ,AHCT20170003,Cái,0,,
LỌ LỤC GIÁC VẼ TỨ CẢNH,Hàng Gốm Sứ,ALG43180007,Cái,0,,
Lọ lục giác vẽ sen,Hàng Gốm Sứ,ALG43180001,Cái,0,,
Hũ chiêu tài C20 vẽ quả các loại,Hàng Gốm Sứ,AHCT201708,Cái,0,,
Cà phê hòa tan G7 288g/ hộp vuông x18 gói,"Đồ Ăn, Thức Uống",8935024122310,Hộp,0,,
"Hũ chiêu tài C22 vẽ mèo, hoa",Hàng Gốm Sứ,AHCT22180033,Cái,0,,
Hũ chiêu tài C22 vẽ chim nho,Hàng Gốm Sứ,AHCT2218025,Cái,0,,
Vò giả vuốt vẽ chăn trâu,Hàng Gốm Sứ,ALVUOT2616005,Cái,0,,
Bình mai C35 vẽ hoa và em bé,Hàng Gốm Sứ,ABM35200005,Cái,0,,
Hũ chiêu tài C20 vẽ 12 con giáp (Thân),Hàng Gốm Sứ,AHCT20170009,Cái,0,,
Hũ chiêu tài C20 vẽ 12 con giáp (Ngọ),Hàng Gốm Sứ,AHCT20170007,Cái,0,,
Hũ chiêu tài C20 vẽ 12CG tỵ),Hàng Gốm Sứ,AHCT20170006,Cái,0,,
Hũ chiêu tài C20 vẽ 12CG (thìn),Hàng Gốm Sứ,AHCT20170005,Cái,0,,
MR.VIET Xoài Sấy Với Sôcôla Đen & Cà Phê (MR.VIET Dried Mango Dark Chocolate & Coffee),"Đồ Ăn, Thức Uống",8936135431698,Gói,0,,
MR.VIET Milk Chocolate Almonds and Raisins 80g (MR.VIET Sô cô la Sữa Hạnh nhân và Nho khô 80g),"Đồ Ăn, Thức Uống",8936135433432,Gói,0,,
MR.VIET Dark Chocolate & Macadamia 80g (MR.VIET Sô cô la Đen & Mắc ca 80g),"Đồ Ăn, Thức Uống",8936135433449,Gói,0,,
MR.VIET Cà Phê Hoà Tan Nhân Sâm (MR.VIET Ginseng Instant Coffee),"Đồ Ăn, Thức Uống",8936135431803,Gói,0,,
Lọ chum sơn mài 22 cm,Hàng Sơn Mài,SM/CHUM/22,cái,0,,
Lọ hoa gỗ sơn mài 18 cm,Hàng Sơn Mài,SM/G/LHOA/18,cái,0,,
Đĩa vuông sơn mài cô gái xanh dương size L,Hàng Sơn Mài,SM/DV/XD/G/L,Cái,0,,
Đĩa vuông sơn mài cô gái xanh dương size S,Hàng Sơn Mài,SM/DV/XD/G/S,Cái,0,,
Tranh khảm trai KT 10x20,Hàng Sơn Mài,SM/TR/KHTR,Cái,0,,
Tranh sơn mài đám cưới chuột,Hàng Sơn Mài,SM/TR/DHO,Cái,0,,
TÍCH LỘC MINI VẼ SẮC MÀU,Hàng Gốm Sứ,ATL1816017,Cái,0,,
Lọ gốm mai,Hàng Gốm Sứ,TLHGM01,Cái,0,,
Lọ hoa 3D các loại,Hàng Gốm Sứ,TTALH12,Cái,0,,
Lọ đắp sen nổi HB,Hàng Gốm Sứ,HB/L/SN2001,Cái,0,,
Bình ốc hỏa biến,Hàng Gốm Sứ,HB/OC,Cái,0,,
Lọ đào men hỏa biến,Hàng Gốm Sứ,HB01,Cái,0,,
Lọ hoa các loại 015,Hàng Gốm Sứ,TLHDG015,Cái,0,,
LỌ HOA MEN HB CÁC LOẠI,Hàng Gốm Sứ,T/LH/HB/CL,Cái,0,,
Lọ đầy đủ vẽ chanh v.vang,Hàng Gốm Sứ,ADDV3823003,Cái,0,,
LỌ GIỌT MƯA S1,Hàng Gốm Sứ,T/TT/LH001/S1/N,Cái,0,,
Lọ tăm TTS,Hàng Gốm Sứ,TTS/TAM,Cái,0,,
Nón bọc vải lụa 2 mặt phi 43,"Nón, Nón treo",NBVL/2/43,Cái,0,,
Đĩa vuông sơn mài hình Gà size M,Hàng Sơn Mài,SM/D/V/GA/M,Cái,0,,
Đĩa vuông sơn mài hình lá size M,Hàng Sơn Mài,SM/D/V/LA/M,Cái,0,,
Đĩa vuông sơn mài hình Gà size L,Hàng Sơn Mài,SM/D/V/GA/L,Cái,0,,
Đĩa vuông sơn mài hình lá size L,Hàng Sơn Mài,SM/D/V/LA/L,Cái,0,,
Đĩa vuông sơn mài Đồng quê size M,Hàng Sơn Mài,SM/D/V/DQ/M,Cái,0,,
Đĩa vuông sơn mài hình cô gái size S,Hàng Sơn Mài,SM/D/V/G/S,Cái,0,,
Đĩa vuông sơn mài Đồng quê size L,Hàng Sơn Mài,SM/D/V/DQ/L,Cái,0,,
Đĩa vuông sơn mài hình cô gái size L,Hàng Sơn Mài,SM/D/V/G/L,Cái,0,,
Đèn lồng tre size S,Đèn lồng,DL/TRE/S,Cái,0,,
Khay chữ nhật gắn trai KT: 26x35,"Khay tre, khảm trai, gỗ",KCNGT/26X35,Cái,0,,
Khay bầu dục gắn trai KT 21x30,"Khay tre, khảm trai, gỗ",KBDGT/21x30,Cái,0,,
Khay bầu dục gắn trai KT 23x35,"Khay tre, khảm trai, gỗ",KBDGT/23x35,Cái,0,,
Quýt sơn mài phi 8,Hàng Sơn Mài,SM/QUYT8,Cái,0,,
Kỷ to men hỏa biến L2,Hàng Gốm Sứ,BKY002L2,Cái,0,,
Thống nhỏ men hỏa biến,Hàng Gốm Sứ,BTHONG36410003,Cái,0,,
Bộ AC HL trăng vàng to,Hàng Gốm Sứ,TACHL029,Bộ,0,,
Bộ AC HL nâu son ganh,Hàng Gốm Sứ,TACHL028,Bộ,0,,
Bộ AC Thổ cẩm,Hàng Gốm Sứ,TACHL025,Bộ,0,,
Bộ AC nâu ganh quai việt,Hàng Gốm Sứ,TACHL017,Bộ,0,,
Bộ AC aladin phù dung dây băng,Hàng Gốm Sứ,AAC100,Bộ,0,,
Bộ AC aladin vẽ quả dâu,Hàng Gốm Sứ,AAC103,Bộ,0,,
Bộ AC vẽ vàng hoa sen,Hàng Gốm Sứ,LACV001,Bộ,0,,
Tích lộc mini vẽ hoa vẽ vàng,Hàng Gốm Sứ,ATLV1816015,Cái,0,,
Bộ AC bưởi vẽ hoa dây,Hàng Gốm Sứ,AAC0026,Bộ,0,,
Bộ ấm chén bưởi vẽ phù dung dây băng,Hàng Gốm Sứ,AAC0037,Bộ,0,,
Trà hoa nhài lọ,"Đồ Ăn, Thức Uống",TRA/H/LO,Lọ,1,,
Làn nhựa quai da KT: 33x26,"Túi xách, Làn, Ví",LNQD/33x26,Cái,1,,
Khay bầu dục gắn trai có quai KT: 24 x 37,"Khay tre, khảm trai, gỗ",KBDCQ/24X37,Cái,1,,
Khay chữ nhật gắn trai có tay cầm KT:25X35,"Khay tre, khảm trai, gỗ",KCNGTCTC/25X35,Cái,1,,
Đĩa kê ấm ac men gấm cl,Hàng Gốm Sứ,T/AC/GAM/CL_DKLE,Cái,1,,
Nón Huế trơn trẻ em phi 34,"Nón, Nón treo",NHTTE/34,Cái,1,,
Đĩa vuông sơn mài cô gái xanh dương size M,Hàng Sơn Mài,SM/DV/XD/G/M,Cái,1,,
Nón cỏ bàng vẽ nổi phi 41,"Nón, Nón treo",NCBVN/41,Cái,1,,
Tích lộc mini vẽ băng hoa L2,Hàng Gốm Sứ,ATL1816018L2,Cái,1,,
Bộ ac Hl nâu hoa chìm,Hàng Gốm Sứ,TACHL027,Bộ,1,,