Ngày nhập;Tên sản phẩm;SL nhập;Đơn giá
1/10/2025;Bánh gạo ăn dặm hữu cơ Ildong các vị;10;60.000
2/10/2025;Bánh kem ốc quế Pororo vị socola;1;42.000
2/10/2025;Bánh kem ốc quế Pororo vị dâu;3;42.000
2/10/2025;Dưỡng thể hoa cúc Cetaphil 400ml Calendula( màu cam);1;251.424
2/10/2025;Tắm gội Cetaphil dạng vòi 400ml (cúc vạn thọ);2;225.710
2/10/2025;Khăn ướt Moony 76 tờ;24;23.500
2/10/2025;Sữa chua Bledina vị dâu;8;70.000
2/10/2025;sữa chua Bledina Xoài;8;70.000
2/10/2025;Tắm gội Arau dạng túi 400ml;2;90.000
2/10/2025;Nước rửa bình Pigeon dạng chai 800ml;2;110.000
2/10/2025;Bánh xốp ăn dặm Ildong các vị cho bé từ 12m+;5;50.000
2/10/2025;Bánh xốp Morinaga cho bé;4;38.000
2/10/2025;Mỳ Apanman cho bé vị thịt màu đỏ;6;48.000
3/10/2025;Đồ chơi xe oto biến hình 706-73;8;90.000
3/10/2025;Xe mô hình cẩu múc hợp kim 523-137;6;64.333
3/10/2025;Đồ chơi xe tăng sử dụng pin 777-157;8;57.500
3/10/2025;Xe mô hình cẩu móc họp kim 523-138;6;76.666
3/10/2025;Sữa tắm dưỡng ẩm hương nước hoa No.2;3;85.000
3/10/2025;Sữa bột Aptamil Úc  Pro số 1;1;835.000
3/10/2025;Kẹo mút Hàn Quốc Lolipop dạng gói;3;34.000
3/10/2025;Sữa rửa mặt Cetaphil 125ml cỡ nhỏ;3;133.000
3/10/2025;Kẹo mút không sâu răng Fujia Nhật Bản vị trái cây;1;37.000
3/10/2025;Hũ dưỡng môi vaseline rosy lips 7g;2;48.000
3/10/2025;Set 5 cặp dán ngực tự thân;1;25.000
3/10/2025;Tẩy da chết Cafe Nga;1;71.000
3/10/2025;Bánh chấm Origo;48;10.834
3/10/2025;Bánh chấm socola;48;10.834
3/10/2025;Bánh ruốc sanwich;10;12.000
3/10/2025;Bánh pizza tròn;14;12.000
3/10/2025;Bánh ốc quế Pure Yogurt;6;42.000
3/10/2025;Táo kẹo sữa lạc đà;7;45.000
3/10/2025;Bánh mochi gói vị xoài;3;47.000
3/10/2025;Bánh mochi gói vị socola;3;47.000
3/10/2025;Bánh quy khay vị rau củ;5;35.000
3/10/2025;Bánh quy khay vị sữa;5;35.000
3/10/2025;Kẹo dẻo vị việt quất;4;37.000
3/10/2025;Kẹo dẻo vị sữa chua;4;37.000
3/10/2025;Kẹo dẻo vị xoài;4;37.000
3/10/2025;Thanh gạo lứt chà bông;10;36.000
3/10/2025;Ô mai mix;6;28.000
3/10/2025;Tăm chỉ nha khoa BIS-UP 50 người lớn;10;23.220
3/10/2025;(40+ mẫu mới) The collagen Enrich EXR dạng nước;2;600.000
3/10/2025;Son dưỡng DHC màu cam (mẫu mới);2;70.000
3/10/2025;Son dưỡng DHC màu đỏ;2;77.000
3/10/2025;Tăm xỉa răng nha khoa Dental Series (30c/gói);3;25.389
3/10/2025;Nghệ Curcumin 365 ( hộp đen );1;800.000
3/10/2025;Muối vi lượng Boiron Cozy 30 ống màu vàng (từ 1m+ đến 11 tuổi);2;230.000
3/10/2025;hạt nêm rong biển gói TO  (8g x14 thanh);2;44.000
3/10/2025;KEM Ủ TÓC FINO;1;135.000
3/10/2025;Sữa bột Pediasure Úc mẫu mới;2;610.000
3/10/2025;Sữa rửa mặt SVR 400ml;2;285.000
3/10/2025;Tất nam cổ ngắn Uni màu xám nhạt;30;7.000
3/10/2025;Tất nam cổ ngắn Uni màu xám đậm;20;7.000
3/10/2025;Tất nam cổ ngắn Uni màu đen xám;30;7.000
3/10/2025;Tất nam cổ ngắn Uni màu trắng xám;30;7.000
3/10/2025;Tất Uni cổ cao xám đen nhạt;30;8.000
3/10/2025;Tất nam cổ cao Uniqlo màu xám đậm;30;8.000
3/10/2025;Tất nam cổ cao Uniqlo màu xám nhạt;30;8.000
3/10/2025;Tất nam cổ cao Uniqlo màu đen;30;8.000
3/10/2025;Tất nam cổ cao Uniqlo màu xám đen;30;8.000
3/10/2025;Tất nam cổ cao Uni màu trắng xám;30;8.000
3/10/2025;Tất Gót Nam Uniqilo lẻ màu đen;10;7.000
3/10/2025;Set 3 tất Nezumi các màu;30;48.000
3/10/2025;Set 5 cặp dán ngực tự thân;14;30.000
3/10/2025;Set 5 quần chip nữ Muji freesize hộp trắng;12;65.000
3/10/2025;Quần tất Panty màu da chân lẻ (mua từ5 còn 39k/đôi);40;30.000
3/10/2025;Quần tất Panty màu cát cháy lẻ (mua từ5 còn 39k/đôi);15;30.000
3/10/2025;Quần tất Panty màu đen lẻ (mua từ5 còn 39k/đôi);30;30.000
3/10/2025;Quần tất 3D trơn Atsugi;10;110.000
3/10/2025;Set 5 đùi quần chip nam 3XL;3;165.000
3/10/2025;Set 5 quần lót không viền Muji free size;10;155.000
3/10/2025;Set 5 SIZE 85 quần chip tam giác bé gái Hàn Quốc;2;105.000
3/10/2025;Set 5 SIZE 65 quần chip tam giác bé gái Hàn Quốc;3;105.000
3/10/2025;Set 4 size 60 quần chip bé gái Hàn Quốc;3;105.000
3/10/2025;Sữa bột Black More số 3 cho bé trên 1 tuổi;3;510.000
3/10/2025;Aptamil pro Úc mẫu mới số 3;6;745.000
3/10/2025;Bánh mì hoa cúc 210g bé;5;95.000
3/10/2025;Bánh kem ốc quế Pororo vị sữa chua;3;42.000
3/10/2025;Dầu óc chó Thuyền Xưa;3;40.000
3/10/2025;Thìa báo nóng Muchkin lẻ;12;26.750
3/10/2025;Nước rửa bình sữa 500ml Arau chai;4;82.000
3/10/2025;Mận đen nghiền Gerber Balan (4m+);6;54.000
4/10/2025;Set chiết mỹ phẩm 3 món;4;14.000
4/10/2025;Set chiết mỹ phẩm 11 món;12;31.000
4/10/2025;Set gội xả Biotin nhỏ 385ml;7;285.000
4/10/2025;KDR Ap24 mẫu mới;3;192.000
4/10/2025;Kem dưỡng toàn thân Nivea Soft mẫu mới;6;105.000
4/10/2025;Set Gội+ xả Tigi xanh dương;1;440.000
4/10/2025;Set gội + xả Tigi đỏ siêu phục hồi;2;400.000
4/10/2025;Kẹo socola đen hạnh nhân lvan Nga 400g;3;173.000
4/10/2025;Mặt nạ nhau thai cuống rốn;40;2.800
4/10/2025;Đồ chơi trực thăng biến hình CY803;8;40.625
4/10/2025;Đồ chơi máy bay biến hình D400-35;12;40.000
4/10/2025;Máy bay có sử dụng pin 777-46;6;50.833
4/10/2025;Xe sắt 998-1;12;63.000
4/10/2025;Xe cẩu RJ6916;6;38.333
4/10/2025;Đồ chơi siêu nhân biến hình 339-52;2;140.000
4/10/2025;Máy bay biến hình 706-61;6;76.666
4/10/2025;Xe sắt cảnh sát 998-4(24/T) bán lẻ;12;67.000
4/10/2025;SSM- xe sắt 3212G (lẻ);12;165.000
4/10/2025;Đồ chơi siêu nhân biến hình 168-96;2;185.000
4/10/2025;Xe sắt 9949;24;30.416
5/10/2025;Kem dưỡng ẩm Cerave 50ml dành cho da khô đến rất khô;3;138.000
5/10/2025;Kem dưỡng ẩm Cerave 340ml dành cho da khô đến rất khô;2;320.000
5/10/2025;Set 5 lọ chiết đựng mĩ phẩm size nhỏ;11;18.000
6/10/2025;Máy tính casio FX 880 BTG;3;685.000
6/10/2025;Máy tính Casio Fx 570 VN PLUS;1;520.000
6/10/2025;Máy tính Casio FX 580 VNX;1;650.000
6/10/2025;Bút gel PENTEL - BL57 0.7mm (H12);24;40.000
6/10/2025;Son dưỡng môi Bioderma;20;65.000
6/10/2025;Bông tẩy trang Lamer  LA SOIRÉE 225 pads;5;65.000
6/10/2025;Bột canxi cá tuyết vị socola (mẫu cũ);1;115.000
6/10/2025;Bánh mì hoa cúc 210g bé;2;95.000
6/10/2025;Kem dưỡng ẩm phục hồi da Embryolisse Lait-Crème Concentre 30ml;2;300.000
6/10/2025;Kem dưỡng ẩm phục hồi da Embryolisse Lait-Crème Concentre 75ml;3;182.000
6/10/2025;Mặt nạ Carophy 3in1 giảm mụn, thâm và dưỡng da;20;17.000
8/10/2025;Bỉm MAMOGOM HQ XXL quần (38M);1;250.000
8/10/2025;Kẹo Multy-Vitamin C&D Pororo vị đào 12g;5;10.200
8/10/2025;Kẹo Vitamin C Pororo vị Đào 12g;9;10.200
8/10/2025;Thuốc tẩy giun Socola Combantrin của Úc gói lẻ;12;65.000
8/10/2025;Bột cacao Choco Drink/Quick;1;115.000
8/10/2025;Siro tăng đề kháng Sambucol 120ml;2;170.000
8/10/2025;Muối vi lượng Boiron Coldcalm 30 ống màu cam (từ 6m+);1;195.000
8/10/2025;Sữa óc chó KF;48;8.438
8/10/2025;Nước hồng sâm Pocheon Lẻ hộp;6;51.600
8/10/2025;Nước hồng sâm đông trùng hạ thảo Gold (cả hộp);4;215.000
8/10/2025;Gôm tẩy TL -E011_Hộp(30);30;3.600
8/10/2025;Gôm tẩy HS Deli -DL.3043_Hộp(45);12;3.360
8/10/2025;Gôm tẩy HS Deli -E.3042_Hộp(30);30;4.740
8/10/2025;Gôm tẩy HS Deli -H01720_Hộp(30);12;3.090
8/10/2025;Gôm tẩy TL -E06_Hộp(30);12;3.200
8/10/2025;Gôm tẩy TL -E05_Hộp(20);20;3.600
8/10/2025;Gôm tẩy đen 4B HH E03-HH3539;24;3.700
8/10/2025;Bìa mica a4 dày TCT037;1;70.000
8/10/2025;Bìa MiCa Trung TCT036;1;67.000
8/10/2025;bìa A4 Mika Glotxy;1;60.000
8/10/2025;Keo nước HT02 3499 40ml;12;3.900
8/10/2025;Keo nước HT01 6676 30ml;12;3.200
8/10/2025;Keo nước CL GL07;12;3.500
8/10/2025;Keo nước GL05-SK;12;3.500
8/10/2025;Keo nước MIC;20;2.500
8/10/2025;Keo nước Deli A521;12;2.800
8/10/2025;Băng xoá TL CT008 12M;6;13.700
8/10/2025;Băng xóa Pluss -No WH105T Hộp(10);6;19.000
8/10/2025;Băng xóa CP CRT-6M-02 _Hộp12;6;19.500
8/10/2025;Băng xóa CL -CT500 Hộp(12);6;8.800
8/10/2025;Bút chì gỗ tiệp nâu đẹp 3B - (EU) 1500;24;9.000
8/10/2025;Bút chì gỗ 2B Thiên Long TP-GP009/DO H10;30;4.400
8/10/2025;Bút chì gỗ Deli 2B -W.33331 (Bon Voyage);24;2.700
8/10/2025;Bút chì gỗ 2B PC405 có tẩy;24;2.600
8/10/2025;Bút chì gỗ HB CL-PC201có tẩy_Hộp(20);40;3.000
8/10/2025;Bút chì gỗ TL -GP-01_Hộp(10);50;3.200
8/10/2025;Bút chì gỗ Deli -W.S913;24;3.000
8/10/2025;Máy dập ghim Deli -DL.0253 (số10);5;19.670
8/10/2025;Giấy in IK PLUS - A4/ĐL70;15;62.000
8/10/2025;Giấy in DOUBLE A - A4/ĐL70;5;73.000
8/10/2025;Mực dấu SHINY - S-62 (đỏ) (H12);6;35.000
8/10/2025;Giấy nhớ DOUBLE A - (3x3)(76x76) (H12);12;5.000
8/10/2025;Giấy nhớ Stick On 3x2_Tập(12);12;3.500
8/10/2025;Giấy nhớ Stick On 3x4_Tập(12);12;6.370
8/10/2025;Giấy nhớ Stick On 3x5_Tập(12);12;7.000
8/10/2025;Giấy nhớ PO SN902 5M mũi tên_Tập(30);6;11.000
8/10/2025;Bút máy nét trơn Hồng Hà 2289;12;36.000
8/10/2025;Giấy thủ công 12màu Thiên Long GTC-C006;12;18.500
8/10/2025;Giấy thủ công 7M HH -HH3485_Hộp(...);12;5.904
8/10/2025;Giấy thủ công không dính bé 12x18;6;1.300
8/10/2025;Giấy thủ công 6 màu - HH4918;6;8.500
8/10/2025;Mực viết Queen tím - 30ml (Lo12);24;13.000
8/10/2025;Bút sáp TL 16M -CRC05/DO_Hộp(...);6;21.500
8/10/2025;Bút ký Gel DELI 0.7mm -G11-BL xanh;36;9.350
8/10/2025;Bút bi Double A TriTouch Ball DBP-107 (xanh);36;3.500
9/10/2025;Xịt họng sáp ong VITATREE Úc;6;72.000
9/10/2025;Vitamin D3K2 MK7 Sunday Natural hộp giấy;2;227.000
9/10/2025;HẠ sốt Doliprane;2;100.000
9/10/2025;Nước hồng sâm Baby SangA hàn Quốc cho bé hộp 30 gói;2;295.000
9/10/2025;Set 2 tắm gội cao cấp Kloran Pháp;3;255.000
9/10/2025;Dầu cá Omega 3 Healthycare 400v;3;360.000
9/10/2025;Omega 3-6-9 Heathy Care;3;345.000
9/10/2025;Bánh sao Gerber lọ 42g mẫu mới ( xanh dương );12;74.000
9/10/2025;Bánh gạo Gerber hộp giấy;6;65.000
9/10/2025;Bánh gerber lùn;8;80.000
9/10/2025;Bánh gạo Organic Rice Cracker các vị;6;66.000
9/10/2025;Bánh gạo sữa chua Yogurt Apple Monkey 32g;6;64.000
9/10/2025;Bánh cuộn kem bebest vị dâu;2;56.000
9/10/2025;Bánh cuộn canxi vị cacao Bebest;2;56.000
9/10/2025;Hoa quả nghiền Ella Kitchen 6m+;10;52.000
9/10/2025;Kem trị rạn Bio Oil 60ml nhỏ;2;150.000
9/10/2025;Bộ xếp hình sáng tạo 015 - khối gạch trơn;2;87.019
9/10/2025;Bộ xếp hình sáng tạo 013 - đoàn tàu kéo số;2;101.745
9/10/2025;Bộ xếp hình sáng tạo 012 - đoàn tàu kéo chữ;2;101.745
9/10/2025;Bộ xếp hình sáng tạo 011 - lắp ráp ô tô;2;97.729
9/10/2025;Bộ xếp hình sáng tạo 010 - lắp ráp ô tô;2;97.729
9/10/2025;Đi tìm kho báu phần 3;2;111.563
9/10/2025;Đi tìm kho báu - Phần 2;2;104.423
9/10/2025;Đi tìm kho báu - Phần 1;2;69.615
9/10/2025;Đi tìm kho báu mini 6;2;29.453
9/10/2025;Đi tìm kho báu Mini 5;2;29.453
9/10/2025;Đi tìm kho báu mini 4;2;29.453
9/10/2025;Đi tìm kho báu mini 03;2;29.453
9/10/2025;Đi tìm kho báu mini 2;2;29.453
9/10/2025;Đi tìm kho báu mini 01;2;28.560
9/10/2025;Du lịch xuyên Việt;2;28.560
9/10/2025;Uno Fox;20;20.081
9/10/2025;Cờ tỷ phú gold 2504;2;310.590
9/10/2025;Cờ tỷ phú gold 2503;2;255.255
9/10/2025;Cờ tỷ phú premium 2404;2;252.578
9/10/2025;Cờ tỷ phú premium 2403;2;202.598
9/10/2025;Cờ xúc xắc cá ngựa 6;2;28.560
9/10/2025;Cờ cá ngự đại chiến 3;2;49.980
9/10/2025;Cờ cá ngựa đại chiến 2;2;49.980
9/10/2025;Cá ngựa đại chiến 1;2;49.980
9/10/2025;Cờ tỷ phú Việt Nam 2504;2;97.283
9/10/2025;Cờ tỷ phú Việt Nam 2503;2;79.433
9/10/2025;Cờ tỷ phú Việt Nam 2503 - Nam châm;2;125.843
9/10/2025;Cờ tỷ phú Việt Nam 2501;2;96.390
9/10/2025;Cờ tỷ phú thế giới 2404;2;84.788
9/10/2025;Cờ tỷ phú thế giới 2403;2;69.615
9/10/2025;Cờ tỷ phú Thế giới 2401;2;43.733
9/10/2025;Cờ tỷ phú thế giới 2404 nam châm;2;114.240
9/10/2025;Cờ tỷ phú Thế giới 2403 - Nam châm;2;92.820
9/10/2025;Cờ tỷ phú thế giới 2401 - Nam châm;2;69.615
9/10/2025;Cờ Tỷ Phú Hội An 2304;2;77.648
9/10/2025;Cờ tỷ phú Hội An 2303;2;63.368
9/10/2025;Cờ tỷ phú Hội An  2302;2;44.625
9/10/2025;Cờ tỷ phú Hội An 2301;2;53.550
9/10/2025;Cờ tỷ phú Hội An 2304 nam châm;2;103.530
9/10/2025;Cờ tỷ phú Hội An 2303 - Nam châm;2;83.895
9/10/2025;Cờ tỷ phú Hội An 2301;2;69.615
9/10/2025;Cờ tỷ phú Hội An 2302 nam châm;2;60.690
9/10/2025;Cờ cá ngự đại chiến 3 - Nam châm;2;64.260
9/10/2025;Cờ cá ngựa đại chiến 2 - Nam châm;2;64.260
9/10/2025;Cờ cá ngựa đại chiến 1 - Nam châm;2;64.260
9/10/2025;Cờ cá ngựa foxi 2301;2;33.915
9/10/2025;Cờ cá ngựa Foxi 2301 - Nam châm;2;58.905
9/10/2025;Chess - cờ vua 2303 - Nam châm;2;60.690
9/10/2025;Chess - Cờ vua 2301 Nam châm;2;53.550
9/10/2025;Chess - cờ vua nam châm 2302;2;49.088
9/10/2025;Chess-Cờ vua 2303;2;43.733
9/10/2025;Chess - Cờ vua 2301;2;37.485
9/10/2025;Chess  - Cờ vua 2302;2;34.808
9/10/2025;Cờ cá ngựa 2303- Nam châm;2;60.690
9/10/2025;Cờ cá ngựa 2301;2;50.873
9/10/2025;Cờ cá ngựa 2302 - Nam châm;2;46.410
9/10/2025;Cờ cá ngựa 2304;2;51.765
9/10/2025;Cờ cá ngựa 2303;2;41.948
9/10/2025;Cờ cá ngựa 2301;2;33.915
9/10/2025;Cờ cá ngựa 2302;2;30.345
9/10/2025;Cờ ô ăn quan - Trạng nguyên;2;80.325
9/10/2025;Ô ăn quan săn đá quý;2;57.120
9/10/2025;Sách nam châm Puzzle Universe 2501 - Lv2;3;40.162
9/10/2025;Sách nam châm Puzzle Dinosaur - Lv2;3;40.162
9/10/2025;Sách nam châm Puzzle Transportation - Lv1;5;40.162
9/10/2025;Bộ giáo dục steam - logic level 3A;2;46.410
9/10/2025;Đồ chơi giáo dục steam - khoá logic level 1A;2;46.410
9/10/2025;Lật mặt bọ  2301;2;69.615
9/10/2025;Sữa rửa mặt SVR 400ml;1;285.000
9/10/2025;Sữa rửa mặt cetaphil chai lớn cho da thường;1;305.000
9/10/2025;Sữa rửa mặt Cetaphil 59 ml;2;32.000
9/10/2025;Dầu cá Omega-3 Nhật;3;255.000
9/10/2025;Bánh quy ăn dặm hình em bé Morinaga;2;32.000
9/10/2025;Gia vị rắc cơm 30 gói Tanaka;7;55.000
9/10/2025;Tẩy tế bào chết mặt cà phê Đắk Lắk Cocoon 150ml;1;94.000
9/10/2025;Mặt nạ ngủ môi Laneige Mini;8;50.000
9/10/2025;Dung dịch vệ sinh bé gái Saugella;1;115.000
9/10/2025;Trị mụn Dalacin T Gel 1%;8;65.000
9/10/2025;Dầu gội đen tóc phủ bạc Komi màu nâu đen;2;390.000
9/10/2025;trà lúa mạch mugi;1;55.000
9/10/2025;Thẻ bài hoạt hình Bluelock;10;31.500
9/10/2025;Sổ Album thẻ bài;3;60.000
9/10/2025;Thẻ bài hoạt hình 4 IPs - Conan;30;6.500
9/10/2025;Thẻ bài Maruko;30;6.500
9/10/2025;Dầu gạo Tsuno cho bé;2;45.000
9/10/2025;Hạt nêm bò nấm dạng 12 thanh 120g;5;67.000
9/10/2025;Men vi sinh Health Aid Nhật Bản 20 gói;2;213.000
9/10/2025;Dầu cá Omega-3 Nhật;3;263.000
9/10/2025;Viên uống thơm người DHC;2;160.000
9/10/2025;Kẽm DHC;2;70.000
9/10/2025;tảo tăng chiều cao Shinshin;2;260.000
9/10/2025;Son dưỡng DHC không màu;6;85.000
9/10/2025;Siro muhi trị ho, đờm ( màu xanh dương );1;95.000
9/10/2025;Set gội xả Pantene vạch vàng;3;130.000
9/10/2025;Set gội xả Pantene vạch xanh dương;3;130.000
9/10/2025;Nước rửa tay orange;3;35.000
9/10/2025;TẨY DA CHẾT CURE;3;267.000
9/10/2025;Tẩy da chết Rosette xanh;3;81.000
9/10/2025;Tẩy da chết Rosette Cam (dưỡng sáng da);3;81.000
9/10/2025;Kem đánh răng kao kid vị dưa gang;6;36.000
9/10/2025;Kem đánh răng Kao Kid vị dâu;6;36.000
9/10/2025;Kem đánh răng Kao Kid vị nho;6;36.000
9/10/2025;Bún khô Haku cho bé 5m +;2;45.000
9/10/2025;Mì wakodo cho bé 5 tháng;2;59.000
9/10/2025;Mì MUG xanh;6;60.000
9/10/2025;Bột làm bánh tiện lợi wakodo vị trứng;2;47.000
9/10/2025;Tương Ofukuro 100ml;2;85.000
9/10/2025;Tương tảo bẹ Kid & Mama 100ml;2;50.000
9/10/2025;hạt nêm gà  ajinomoto 50g;2;40.000
9/10/2025;Hạt nêm rong biển gói NHỎ  (8gx7 thanh);5;30.000
9/10/2025;Gia vị rắc cơm Hello Kitty;5;42.000
9/10/2025;Trà Wakodo hoa quả cho bé từ 5 tháng tuổi;2;38.000
9/10/2025;Bánh ăn dặm Pigeon vị rau chân vịt 9 tháng;1;40.000
9/10/2025;Bánh quy ăn dặm hình em bé Morinaga;5;34.000
9/10/2025;Thạch 12m Orihiro vị cam+ nho xanh;3;40.000
9/10/2025;Thạch Orihiro 12m vị Đào + nho;3;40.000
9/10/2025;Thạch 12m Orihiro vị táo+nho tím;3;40.000
9/10/2025;Kẹo trà xanh UHA Nhật Bản;5;31.000
9/10/2025;Kẹo mút IQ bổ sung DHA cho bé;2;40.000
9/10/2025;set gội xả gừng to Weilaiya;1;380.000
9/10/2025;Ngô nếp sấy giòn xóc mắm ớt 150g;10;10.952
9/10/2025;Ngô nếp sấy giòn xóc mắm ớt 400g;10;26.000
9/10/2025;Ngô nếp sấy giòn vị cay ngọt truyền thống gói 400g;10;26.000
9/10/2025;Rắc cơm rong biển nướng dầu oliu;10;50.000
9/10/2025;Sữa bột Hipp Combiotic Organic 1;1;665.000
9/10/2025;Sữa óc chó KF;8;8.438
9/10/2025;Nước mắm Lê Gia chai to 200ml;3;55.000
9/10/2025;Tẩy tế bào chết mặt cà phê Đắk Lắk Cocoon 150ml;2;94.000
9/10/2025;Hạt nêm bò nấm dạng 12 thanh 120g;2;67.000
9/10/2025;Bánh mì hoa cúc 210g bé;6;95.000
9/10/2025;Sữa bột Aptamil pro Úc mẫu mới số 2;9;860.000
9/10/2025;Sữa bột Pediasure Úc mẫu mới;3;610.000
9/10/2025;SỮA bột MEIJI 1-3 HỘP SẮT;4;395.000
9/10/2025;Sữa Meiji 1-3 dạng thanh (mẫu mới 30 thanh);4;485.000
9/10/2025;Quần tất Sabrina màu da;4;90.000
9/10/2025;Bỉm Merries XXL quần;4;265.000
9/10/2025;Hộp 28 ống Collagen Elasten (Đức);2;1.780.000
9/10/2025;Ngũ cốc Calbee đỏ to;2;127.000
9/10/2025;Bí ghép nhỏ;15;24.000
9/10/2025;Bí ghép to;10;37.000
9/10/2025;Kem Mắt AHC 40ml Vàng;1;235.000
9/10/2025;Siro muhi trị ho, sổ mũi ( màu xanh lá );2;95.000
9/10/2025;Vở ô ly 80 trang khám phá thiên nhiên;1;0
9/10/2025;Vở ô ly Thiên Long mèo con năng động 48 trang;1;0
9/10/2025;Bút gel Quick Dry 0.5 - Thiên Long GEL-040/KM - Mực Xanh;10;0
9/10/2025;Bút gel xóa được TL GELE-06/XMAS mực xanh;6;0
9/10/2025;Bút Gel Thiên Long-GEL012/DO tím H20;160;5.985
9/10/2025;Bút bi THIÊN LONG - TL027 (xanh) (H20);100;3.500
9/10/2025;Bút bi THIÊN LONG - TL027 (đỏ) (H20);40;3.500
9/10/2025;Bút lông kim THIÊN LONG FL04 Tím_(H10);80;6.000
9/10/2025;Bìa nút màu pastel Hồng;25;6.000
9/10/2025;Bìa nút màu pastel Xanh;25;6.000
9/10/2025;nhỏ mắt fx-vàng;2;70.000
9/10/2025;Hạt nêm nấm Shiiteke;1;25.000
9/10/2025;Mặt nạ Naruko Tràm trà;5;22.000
9/10/2025;Gel lô hội 92%;2;71.000
9/10/2025;Bỉm Moony xanh XXl quần gái (26M);2;235.000
9/10/2025;Kẹo lọ mix;1;20.000
9/10/2025;Bánh gạo tươi ăn dặm cho bé 7t + vị sữa Haihain;2;35.000
9/10/2025;Ngũ cốc Calbee trắng ( ít đường);1;125.000
9/10/2025;Nước sâm Q 6 Gold Lẻ hộp;8;36.600
9/10/2025;Sữa bột Hipp Combiotic Organic 3;3;665.000
9/10/2025;Trị mụn Pair;1;135.000
9/10/2025;Viên uống đau dạ dày KOWA 300v;2;295.000
9/10/2025;lăn khử mùi cơ thể scion mẫu mới;3;102.000
9/10/2025;Dưỡng thể Vaseline 70x hồng ban đêm;1;91.000
9/10/2025;Tẩy giun Zelcom Hàn Quốc mẫu mới (hộp dài);1;55.000
9/10/2025;Bột pha nước dùng Daisy vị Cá rong biển ( mới );1;44.000
9/10/2025;Trị thâm nách Nhật;1;90.000
9/10/2025;XÀ PHÒNG TRỊ THÂM MÔNG;2;90.000
9/10/2025;LĂN NÁCH ĐÁ KHOÁNG NỮ SOFT Stone;3;140.000
9/10/2025;Khăn ướt bebegrow;4;28.000
9/10/2025;Sắt Ferrolip;2;265.000
9/10/2025;Kẹo chudo hạt dẻ;2;125.000
9/10/2025;Socola Đậu Phộng Hạnh Nhân Kpokaht Gói 500g;5;100.000
9/10/2025;Kẹo socola trắng hạnh nhân Ivan Nga  400g;3;90.000
9/10/2025;Gội khô Batiste các mùi;1;79.500
10/10/2025;Sữa chua Bledina pháp vị vani;1;83.000
10/10/2025;Bánh mì hoa cúc 515g to;2;135.000
10/10/2025;Hũ óc chó Walnut;2;85.000
10/10/2025;Ngũ cốc mix hạt Granola;2;90.000
10/10/2025;Bột trà xanh matcha milk 200g;2;105.000
10/10/2025;Sữa chua Bledina vị mơ;8;84.000
10/10/2025;Sữa chua Bledina vị chuối;8;84.000
10/10/2025;Sữa chua Bledina vị dâu;8;84.000
10/10/2025;Sữa bột Hikid Vanie 1-9 tuổi;6;465.000
10/10/2025;Sữa bột Nan nội địa Nga số 4;6;485.000
10/10/2025;Sữa tiểu đường Glucerna úc (vani) 850g;3;758.000
10/10/2025;Sữa Aptamil Advanced Anh Số 3 800g (12-36m);4;620.000
10/10/2025;Nước hồng sâm Paldo Nho - Việt quất;40;12.750
10/10/2025;Nước hồng sâm Paldo Táo - Mơ;40;12.750
10/10/2025;Nước hồng sâm Paldo vị Cam;40;12.750
10/10/2025;Nước Gạc hươu non sumo 80ml;40;21.500
10/10/2025;Sữa Morinaga 0-1 800g ( Hộp sắt );8;445.000
10/10/2025;Sữa bột Black More số 3 cho bé trên 1 tuổi;3;510.000
10/10/2025;Trang phục dơi đen XY 1153 size M;1;180.000
10/10/2025;Trang phục Elsa HK 0178 size S;1;280.000
10/10/2025;Bờm đen voan Halloween;10;28.000
10/10/2025;Bờm bí Halloween;5;35.000
10/10/2025;Trang phục Ảo thuật gia HK 0291 size L;1;390.000
10/10/2025;Váy 8209 kèm tóc Halloween size S;1;290.000
10/10/2025;Váy 8209 kèm tóc Halloween size M;1;290.000
10/10/2025;Váy 8209 kèm tóc Halloween size L;1;290.000
10/10/2025;Bộ áo ma trắng Halloween cute size S;5;90.000
10/10/2025;Búa 1000 ton;10;25.000
10/10/2025;Áo choàng kèm mũ cam;5;70.000
10/10/2025;Bộ áo choàng sừng Halloween các màu;5;55.000
10/10/2025;Đèn bão Halloween;15;75.000
10/10/2025;Binh khí to;10;30.000
10/10/2025;Binh khí bé;20;20.000
10/10/2025;Bộ bí nhung Halloween;5;75.000
10/10/2025;Áo choàng đen vàng kèm mũ Halloween;3;65.000
10/10/2025;Áo choàng 6 màu;12;130.000
10/10/2025;Pin đũa con thỏ AAA R03P vỉ lẻ (nhỏ);400;1.797
10/10/2025;Pin tiểu con thỏ AA R6P lẻ (to);400;1.797
10/10/2025;son dưỡng Happy Balm;6;22.000
10/10/2025;Mỳ Mug vàng;12;59.000
10/10/2025;Mì MUG xanh;6;60.000
10/10/2025;Kem dưỡng nhau thai cừu Careline cam;5;50.000
10/10/2025;Kem dưỡng nhau thai cừu Careline tím;5;42.000
10/10/2025;Đầu thay bàn chải điện người lớn lẻ (giảm 5% khi mua 2 đầu);15;34.000
10/10/2025;mỳ ăn liền Doreamon;24;10.334
10/10/2025;Vitamin tổng hợp Nature Way Úc;3;183.000
10/10/2025;Thuốc bổ sung Axit Folic Blackmores Folate;2;113.000
10/10/2025;Viên uống bổ sung Sắt Bầu Blackmore;3;128.000
10/10/2025;Hút mũi Nasal Aspirator;3;58.000
10/10/2025;Hút mũi NoseFrida Thụy Điển;2;150.000
10/10/2025;Tinh dầu massage bubchen ốc sên 200ml;2;70.000
10/10/2025;Kem nẻ Bubchen Wind & Wetter tuýp;2;65.000
10/10/2025;Tắm gội Bubchen 400ml ( dạng vòi);3;135.000
10/10/2025;Tắm gội bubchen hồng hình trái tim;3;77.000
10/10/2025;Tắm gội Cetaphil dạng vòi 400ml (cúc vạn thọ);2;225.700
10/10/2025;Tắm gội Cetaphil dạng vòi 400ml;2;183.800
10/10/2025;Sữa tắm gội Goongbe 350ml;1;275.000
10/10/2025;Kem dưỡng ẩm Dexeryl đặc trị da khô, dưỡng ẩm sâu 50g;3;113.000
10/10/2025;Xịt mũi cá heo xanh Hàng ngày cho bé từ sơ sinh;2;143.000
10/10/2025;Xịt mũi cá heo vàng Kháng viêm cho bé từ 3m+;3;147.000
10/10/2025;Thuốc ho Prospan Đức dạng 21gói;3;215.000
11/10/2025;Vở kẻ ngang CP Japan Pattern - 72 trang;10;7.212
11/10/2025;Keo nến bé;50;1.000
11/10/2025;Keo nến to;50;2.000
11/10/2025;Máy dập ghim Deli - DL0414 ( 3 chiều );4;60.320
11/10/2025;Máy dập ghim Deli-0229;6;30.300
11/10/2025;Keo sữa Deli 40ml -DL.39445_Hộp(12);12;5.420
11/10/2025;Bút chì gỗ 2B CL-PC612_Hộp(30);60;6.600
11/10/2025;Bút chì gỗ Deli 2B -U510;100;3.500
11/10/2025;Túi cúc khổ A AD-1 (dày)_Tập(20);40;1.900
11/10/2025;Túi cúc Deli F4 No.F704;24;3.920
11/10/2025;Túi cúc Deli A4 No.F703;24;3.610
11/10/2025;Giấy in PAGI - A4/ĐL70;5;55.000
11/10/2025;Giấy in IK PLUS - A4/ĐL70;60;62.000
11/10/2025;Giấy in DOUBLE A - A4/ĐL70;10;73.000
11/10/2025;Giấy in Golden Star - A4/ĐL70;5;52.000
11/10/2025;Vở kẻ ngang Sao Mai 72 trang -HH1634;50;5.050
11/10/2025;Vở kẻ ngang CP PIN STICKER - 120trang;30;13.492
11/10/2025;Vở kẻ ngang CP RETRO - 200 trang;30;17.533
11/10/2025;Bộ eke nhựa Deli -G30404_Thùng(96);4;64.870
11/10/2025;Ống mực tím xóa được INK0025  (2.000/ống);180;1.000
11/10/2025;Hồ khô Deli No.A20010;24;4.670
11/10/2025;Hồ khô Deli A212;12;3.020
11/10/2025;Sáp vặn CL 24M -TC203_Hộp(...);6;75.600
11/10/2025;Bút sáp vặn TL 18m-TCRC05/DO;3;84.500
11/10/2025;Bút sáp Deli 18M - C009-18;6;31.640
11/10/2025;Màu nước TL 12M -WACO05_Hộp(...);6;63.500
11/10/2025;Bút ký Deli 1.0mm -G61-BL (Xanh);24;7.360
11/10/2025;Bút bi Double A Bliss Ball DBP-707 (xanh);36;3.500
11/10/2025;Hút mũi Nasal Aspirator;2;0
11/10/2025;Tăm bông thân giấy Dr papie 280 que (0-2 tuổi );13;21.000
11/10/2025;Tăm bông thân giấy Dr.Papie 200 que ( dành cho trẻ từ 2 tuổi );13;21.000
11/10/2025;Khăn sữa sợi tre cao cấp Dr.Papie ( 0m+);7;73.000
11/10/2025;Bọt rửa bình cao cấp Dr.Papie;5;66.000
11/10/2025;Váng Sữa Nestle lốc 4 hộp 100g vị vanie;4;119.000
11/10/2025;Sữa chua Bledina pháp vị vani;1;83.000
11/10/2025;Hướng dương caramen 500g;1;42.000
11/10/2025;Men vi sinh 10 chủng BIOAMICUS;3;375.000
11/10/2025;Yến mạch Oatmeal hộp nhựa 453g;4;35.000
11/10/2025;Bánh sữa chua dẻo vị bơ;2;35.000
11/10/2025;Siro tăng đề kháng Sambucol 120ml;2;170.000
11/10/2025;Bánh nhân sữa chua vị xoài;3;36.000
11/10/2025;Bánh sữa chua dẻo gói to vị việt quất;3;36.000
11/10/2025;Bánh sữa chua dẻo vị đào;3;36.000
11/10/2025;Bánh sữa chua dẻo gói to vị chuối;3;36.000
11/10/2025;Bánh sữa chua dẻo gói to vị socola;6;36.000
11/10/2025;Hướng dương caramen 500g;5;45.000
11/10/2025;Thẻ bài My little Pony HY002;10;31.500
11/10/2025;Thẻ bài hoạt hình Conan YY001;20;15.200
11/10/2025;Thẻ bài hoạt hình 4 IPs - Tom & Jerry;30;6.500
11/10/2025;Thẻ bài Sanrio Characters;30;6.500
11/10/2025;Mặt nạ đất sét Kiehl 14ml;1;80.000
11/10/2025;Set gội xả pantene 400ml màu vàng mẫu mới;1;180.000
11/10/2025;Viên uống đau dạ dày KOWA 300v;2;295.000
11/10/2025;Kem ủ tóc Olexrs 500ml;1;125.000
11/10/2025;Set Gội Xả Olexrs Argan Oil Collagen Hair Salon bé 500ml;2;230.000
11/10/2025;Gội Xả Olexrs Argan Oil Collagen to 960ml;1;315.000
11/10/2025;Sữa bột Aptamil Úc  Pro số 1;2;835.000
11/10/2025;Sữa rửa mặt tạo bọt Hatomugi;1;79.000
11/10/2025;Tẩy trang Bioderma hồng 100ml;2;104.000
11/10/2025;Mỳ Mug vàng;6;58.000
11/10/2025;Tampon Xanh Dương: ngày thường;2;190.000
11/10/2025;Mì tokyo cho bé vị gà màu vàng;2;25.000
11/10/2025;Khăn khô Mipbi 600g;3;72.000
11/10/2025;Hạt đậu mix vàng;30;3.871
11/10/2025;hạt mix mini màu xanh ngọc;30;3.409
11/10/2025;Hạt  mix mini gói tím;28;3.530
11/10/2025;Kẹo mút lotte lollipop Hàn Quốc lẻ (giảm 10% khi mua 1 hộp 60c);30;2.754
11/10/2025;Kẹo trái cây morinaga mini dạng hộp;4;27.000
11/10/2025;Kẹo trứng socola glico Petit;2;45.000
11/10/2025;Hộp 200 bông ngoáy tai (hộp màu hồng);4;26.040
11/10/2025;Canxi D Ostelin 130v;1;238.000
11/10/2025;Sữa bột Hipp Combiotic Organic 1;1;665.000
12/10/2025;Vở kẻ  ngang SM Emotion 120trang -HH1687;30;6.765
12/10/2025;Vở kẻ ngang Keep Calm 120trang -HH1399;30;11.400
12/10/2025;Vở kẻ ngang CP One Piece - 200 trang;50;26.659
12/10/2025;Vở KN CP Conan MyStery 200 trang;30;30.000
12/10/2025;Vở KN Lets Party 200 trang;20;18.600
12/10/2025;Vở OL Monster 200 trang 4 li;20;18.000
12/10/2025;Bộ cọ vẽ gỗ đầu tròn 4 món AM-PBS003;10;22.000
12/10/2025;Móc dính tường DELI -DL.19353_Hộp(...);6;20.300
12/10/2025;Bộ thước Eke 4 sản phẩm-HH3476_Hộp(...);12;6.500
12/10/2025;Bộ EKE sắt Deli -G30505_Thùng(120);6;40.040
12/10/2025;Bộ eke nhựa Deli -G30404_Thùng(96);12;64.870
12/10/2025;Hồ khô Deli A212;12;3.020
12/10/2025;Sáp vặn CL 24M -TC203_Hộp(...);6;75.600
12/10/2025;Bút sáp 18 màu CL-CR202_Hộp(12);5;13.000
12/10/2025;Bút sáp 24 màu CL-CR203_Hộp(12);5;18.000
12/10/2025;Bút sáp Deli 18M - C009-18;6;31.640
12/10/2025;Bút sáp Queen 12M (LT/180);3;16.000
12/10/2025;Bút sáp deli 18m-C.21010;6;22.330
12/10/2025;Màu nước TL WACO-03;6;44.500
12/10/2025;Dao dọc giấy Deli -E.2058T_Hộp(15);15;10.900
12/10/2025;Bút chì kim Deli 0.7mm -U.998_Hộp(36);36;12.640
12/10/2025;Bút chì kim Deli 0.5mm -U999_Hộp(36);36;12.640
12/10/2025;Địa cầu hành chính 30cm;2;195.000
12/10/2025;Đất nặn xốp 36 màu HW-1911;20;35.000
12/10/2025;Đất nặn xốp 12 màu;20;10.000
12/10/2025;Bút viết bảng Thiên Long -WB03 Xanh _(H10);20;7.000
12/10/2025;Bút viết bảng Thiên Long -WB03 Đen_(H10);20;7.000
12/10/2025;Bút viết bảng Thiên Long-WB03 Đỏ_(H10);20;7.000
12/10/2025;Bút bi Double A TriTouch Ball DBP-107 (xanh);36;3.500
12/10/2025;Máy tính Casio FX 580 VNX;3;650.000
12/10/2025;Bút gel PENTEL - BL57 0.7mm (H12);24;40.000
12/10/2025;Pin đũa Maxell LR03 - 2B;20;18.360
12/10/2025;Pin Tiểu Maxell LR6 - 2B;20;18.360
12/10/2025;Đèn pin Toshiba Led KF-403C (W)C;3;62.640
12/10/2025;Đèn pin Toshiba Led KF-403C(K)C;2;62.640
12/10/2025;Pin Lithium Toshiba 3v không sạc 2032 BÁN LẺ (cỡ dày);10;16.200
12/10/2025;Pin Lithium Toshiba 3v không sạc 2025 BÁN LẺ (cỡ vừa);10;16.200
12/10/2025;Pin Lithium Toshiba CR2016 - 1 (to);10;16.200
12/10/2025;Pin đũa Toshiba AAA 1,5v R03UG_BP-4 (Vỉ 4v);20;20.520
12/10/2025;Pin tiểu Cam Toshiba AA 1,5v R6KG-BP-4 (vỉ 4v màu đỏ);20;20.520
12/10/2025;Pin đũa Alkaline Toshiba AAA 1,5v LR03GCP-BP-4 - vỉ 4v;24;42.120
12/10/2025;Pin đũa Alkaline Toshiba AAA 1,5v LR03GCP-BP-2 - vỉ 2v;12;22.680
12/10/2025;Pin tiểu Alkaline Toshiba AA 1,5v ( LR6GCP- BP-4PV) _vỉ 4v;24;42.120
12/10/2025;Pin tiểu Alkaline Toshiba AA 1,5v ( LR6GCP-2PV) _vỉ 2v;12;22.680
12/10/2025;Sơn phun xịt bóng 400ml;5;32.000
12/10/2025;Dây màu tô tượng;50;3.500
12/10/2025;Tượng đại;59;8.300
12/10/2025;Tượng nhỡ;20;4.000
12/10/2025;Tượng mini 10cm;40;2.000
12/10/2025;Set 5 phong bì bưu điện L1_Tập(100);10;1.115
12/10/2025;Nước rửa bình Dnee dạng túi;9;33.000
12/10/2025;Nước rửa bát Thái lan 3600ml;4;95.000
12/10/2025;Nước giặt Dnee trẻ em màu xanh dương dạng can;4;163.000
12/10/2025;Nước giặt dnee xanh dương (dạng túi);6;75.000
12/10/2025;Nước giặt dnee xanh lá (dạng túi);6;75.000
12/10/2025;Nước giặt dnee hồng (dạng túi);6;75.000
12/10/2025;Nước giặt dnee tím (dạng túi);6;75.000
12/10/2025;Nước giặt Hygene màu trắng 1.8L ( mẫu mới );8;103.000
12/10/2025;Nước giặt Hygene màu hồng 1.8L (mẫu mới);8;103.000
12/10/2025;Sữa bột Black More số 2;2;525.000
12/10/2025;Trị mụn Pair;2;135.000
12/10/2025;Viên giặt 3D Gelbold màu tím;1;140.000
12/10/2025;Dao cạo Gillete kèm 6 lưỡi;2;420.000
12/10/2025;Bổ gan Nhật hộp trắng to 180v;2;645.000
12/10/2025;sữa chua bledina vị lê;1;85.000
12/10/2025;Kem nền BB kose tone 1;2;365.000
12/10/2025;Mặt nạ ngủ môi Laneige full size;1;198.000
12/10/2025;Kem dưỡng và chống nắng tàn nhang ngày transino;1;450.000
12/10/2025;sữa bột nan nội địa 1 400g;1;300.000
12/10/2025;Túi ủ tế bào da chết cho da chân To Plan;2;78.000
12/10/2025;Gel bôi nách Kobayashi;2;122.000
12/10/2025;Bánh mì hoa cúc 210g bé;3;95.000
12/10/2025;Hộp 30 miếng thải độc chân;2;230.000
12/10/2025;Đầm hoá trang nàng tiên cá size 130;1;203.040
12/10/2025;Trang phục Bé gái lạ mặt ( xanh lá cây ) size 130;1;205.200
12/10/2025;Trang phục Bé gái lạ mặt ( xanh lá cây ) size 110;1;205.200
12/10/2025;Trang phục Bé gái lạ mặt ( hồng ) size 110;1;205.200
12/10/2025;Nước ép táo, củ dền hữu cơ Lotte tăng chiều cao 80ml;30;28.666
12/10/2025;Aptamil pro Úc mẫu mới số 3;9;745.000
12/10/2025;Sữa Ensure Mỹ dạng nước vị Vanilla 237ml;24;45.833
12/10/2025;Sữa bột Nan nội địa Nga số 3;3;480.000
12/10/2025;Váy hoá trang Halloween size 120;1;150.120
12/10/2025;Váy hoá trang Halloween size 110;1;150.120
12/10/2025;Đầm hoá trang Công chúa dễ thương size 130;1;240.840
12/10/2025;Đầm hoá trang Công chúa dễ thương size 120;1;240.840
12/10/2025;Đầm hóa trang nàng tiên cá size 110;1;203.040
12/10/2025;File nan 3 ngăn tct330;2;66.000
13/10/2025;TẨY TRANG MUJI;2;165.000
13/10/2025;Tẩy trang Kose vàng nhạt (white);2;95.000
13/10/2025;Tẩy trang Kose hồng;2;95.000
13/10/2025;Tẩy trang Kose màu xanh dương;3;95.000
13/10/2025;Sữa rửa mặt trà xanh rohto;3;105.000
13/10/2025;Sữa rửa mặt perfect whip xanh;4;75.000
13/10/2025;Sữa rửa mặt ngừa mụn Hatomugi 130g (màu xanh);3;45.000
13/10/2025;Gội xả Ichikami vàng;2;200.000
13/10/2025;Serum NMN chống lão hoá 60ml;3;110.000
13/10/2025;Mascara kiss me vỏ hồng mẫu mới (làm dài và cong mi);3;175.000
13/10/2025;Mascara kiss me vỏ tím mẫu mới (làm dày và dài mi);3;175.000
13/10/2025;son shu 580 đen ( cam đất);2;520.000
13/10/2025;Sữa bột Hipp Combiotic Organic 1;3;665.000
13/10/2025;Hộp 28 ống Collagen Elasten (Đức);1;1.600.000
13/10/2025;Sữa rửa mặt perfect whip xanh;1;64.000
13/10/2025;Lọ kẹo ngậm vitamin C pororo;2;33.000
13/10/2025;Viên uống tiền đình bổ não Noguchi 60v;2;260.000
13/10/2025;Bánh xoắn sữa socola;4;13.000
13/10/2025;Bút chì gỗ 2B Deli S929 Active/Shining;24;3.500
13/10/2025;Bút chì gỗ 2B CL-PC102_Hộp(12);24;2.700
13/10/2025;Bút chì gỗ Deli 2B -W.37000_Hộp(12);24;3.500
13/10/2025;Bút chì gỗ 2B CL-PC612_Hộp(30);60;6.600
13/10/2025;Bút chì gỗ Deli 2B -EU.10902;24;3.150
13/10/2025;File nan 3 ngăn tct330;2;66.000
13/10/2025;Bìa màu One A4 vàng;200;320
13/10/2025;Bìa màu One A4 xanh;200;320
13/10/2025;Giấy in IK PLUS - A4/ĐL70;10;62.000
13/10/2025;Giấy in DOUBLE A - A4/ĐL70;10;73.000
13/10/2025;Giấy in Golden Star - A4/ĐL70;5;52.000
13/10/2025;Giấy in PAPER ONE - A4/ĐL70;5;64.500
13/10/2025;Giấy in DOUBLE A - A4/ĐL80;5;89.000
13/10/2025;Giấy in PAGI - A4/ĐL70;5;55.000
13/10/2025;Vở kẻ ngang CP JEAN - 120 trang;30;12.143
13/10/2025;Vở kẻ ngang CP FOOD 2 - 120Trang;30;12.282
14/10/2025;Đầu lâu trắng Halloween;5;55.000
14/10/2025;Bí đèn nhỏ mặt đen;10;40.000
14/10/2025;Bí đèn to mặt đen;10;49.000
14/10/2025;Bí ghép nhỏ;10;24.000
14/10/2025;Bí ghép to;10;37.000
14/10/2025;Chén sứ hình thú cute;10;18.000
14/10/2025;Ruy băng tone kem buộc quà;10;3.500
14/10/2025;Set 2 Scrunchies nhiều màu mix;30;16.500
14/10/2025;Tất dệt cổ nhún tone trắng xám;10;9.000
14/10/2025;Tất trắng cổ ngắn basic chất dày dặn mix mẫu;10;12.000
14/10/2025;Tất gối dệt gân dày dặn 3 màu trắng, xám, đen;9;14.000
14/10/2025;Set 10 giấy thủ công A4 10 màu;19;11.000
14/10/2025;Sổ lò xo sticker tương tác nam châm quầy bán đồ ăn;10;42.000
14/10/2025;Sổ lò xo sticker DIY trang điểm thời trang bé gái;10;56.000
14/10/2025;Set 2 tấm nail sticker fingertip wonderful house siêu to;10;15.000
14/10/2025;Bộ compa eke hộp nhựa basic cr226;10;21.000
14/10/2025;Bộ bút sáp màu dominic TWIST CRAYONS 12 màu;6;44.000
14/10/2025;Cào tóc gắn charm táo;12;24.000
14/10/2025;Bộ lego Cake shop;9;11.111
14/10/2025;Set 30 miếng sticker cô nàng Custom Life;10;11.000
14/10/2025;Set 20 tấm sticker cô gái mùa đông;10;11.000
14/10/2025;Set DIY thời trang Capy-Gấu bơ;10;28.000
14/10/2025;Tệp 30 tấm note bé gái dessert TELADO;20;9.000
14/10/2025;Washi viền 3 màu TELADO siêu xinh;10;14.000
14/10/2025;Cuộn sticker cuộc sống bé gái thỏ TELADO;16;10.000
14/10/2025;Washi cuộn hình đồ ăn PVC nhiều chủ đề món;10;18.000
14/10/2025;Cuộn Washi sticker tem  TELADO;10;13.000
14/10/2025;Sổ lò xo sticker DIY trang điểm thời trang bé gái;10;56.000
14/10/2025;Set sticker trang trí phong cảnh du lịch biển;10;9.500
14/10/2025;Set 30 tấm sticker vintage Western Garden;10;13.000
14/10/2025;Set 30 sticker truyện tranh hoạt hình Weekend Hangout;10;16.500
14/10/2025;Sữa rửa mặt thải độc cà chua Super Vegitoks;2;175.000
14/10/2025;Kem dưỡng ẩm Neutrogena gel (da dầu) 50ml;3;190.000
14/10/2025;Kem chống nắng CORTHE;1;350.000
14/10/2025;Kem dưỡng olay( ngày);1;240.000
14/10/2025;Phấn nền Karadium collagen smart sun pact no.21;3;155.000
14/10/2025;kẻ mày TFS màu 06;5;30.000
14/10/2025;kẻ mày TFS màu 03;5;30.000
14/10/2025;Kẻ mày TFS màu 05;5;30.000
14/10/2025;kẻ mày TFS màu 04;5;30.000
14/10/2025;Serum SVR giảm mụn, mờ thâm nám và làm mềm mịn da 30ml Sebiaclear;3;330.000
14/10/2025;Tinh chất Vàng 24K kèm cây lăn;2;155.000
14/10/2025;Set gội xả Biotin Collagen vàng 1000ml mẫu mới;3;320.000
14/10/2025;Tắm gội nam Coast 946ml;2;140.000
14/10/2025;Sữa rửa mặt Hadalabo dạng tuýp trắng 80g;3;70.000
14/10/2025;Nước tẩy trang phục hồi cho da nhạy cảm B5 Prettyskin Cleansing Water Pretty Skin 500ml;2;175.000
14/10/2025;Set gội xả ngăn ngừa giảm gãy rụng tóc Loreal- màu hồng;3;335.000
14/10/2025;Set gội xả dưỡng tóc EXT OIL SLEEK- Loreal màu vàng;2;320.000
14/10/2025;Phấn phủ Fit Me Compact 109 Maybelline;2;127.000
14/10/2025;Bỉm Moony xanh M quần (52M);6;235.000
14/10/2025;Bỉm Moony xanh L quần trai (44M);4;235.000
14/10/2025;Bỉm Moony Nature Sơ Sinh NB (62M);4;240.000
14/10/2025;Bỉm Moony Nature M dán (46M);4;240.000
14/10/2025;Bỉm Moony Nature L dán (38M);8;240.000
14/10/2025;Bỉm Moony Nature XL quần (32M);12;240.000
14/10/2025;Bỉm Momo Rabbit XXL GÁI quần (18M);9;230.000
14/10/2025;Bỉm Momo Rabbit XXL TRAI quần (18M);16;230.000
14/10/2025;Quà Mamogom - Xe chòi Lazy/ 4b;1;0
14/10/2025;Quà Mamogom - nồi nấu cháo chậm Komi/6b;1;0
14/10/2025;Xe tập đi Nica (tặng khi mua 12b Mamogom);1;0
14/10/2025;Bỉm MAMOGOM HQ M quần (48M);8;220.000
14/10/2025;Bỉm MAMOGOM HQ L quần (44M);16;231.250
14/10/2025;Bỉm MAMOGOM HQ XL quần (40M);12;250.000
14/10/2025;Bỉm MAMOGOM HQ XXL quần (38M);4;250.000
14/10/2025;Khăn tắm Family 70*140 cm;20;145.800
14/10/2025;Khăn thể thao Family 35*80 cm;24;40.000
14/10/2025;Hạt nêm Youki;4;195.000
14/10/2025;Khăn ướt Moony 76 tờ;6;23.000
14/10/2025;Dầu ăn hoa cải tách béo;4;68.000
14/10/2025;Bánh quế ăn dặm Ildong vị chuối;1;58.000
14/10/2025;Tẩy trang bioderma xanh 500ml;2;227.000
14/10/2025;Nước súc miệng Propolin trà xanh;3;115.000
14/10/2025;Sữa óc chó KF;13;8.438
14/10/2025;Bánh mì hoa cúc 515g to;2;135.000
14/10/2025;Bánh mì hoa cúc 210g bé;2;95.000
14/10/2025;Kẹo mút không sâu răng Fujia Nhật Bản vị trái cây;2;37.000
14/10/2025;Bánh gạo sữa chua Yogurt Apple Monkey 32g;2;64.000
14/10/2025;Giấy gói quà Kraft trơn( xi măng);20;2.817
14/10/2025;Giấy gói quà ếch xanh;20;2.817
14/10/2025;Giấy gói quà doraemon xanh;20;2.817
14/10/2025;Giấy gói quà GC gấu xanh;20;2.817
14/10/2025;Giấy gói quà sóc xanh;20;2.817
14/10/2025;Giấy gói quà gấu xanh;20;2.817
14/10/2025;Kem dưỡng ẩm, chống lão hoá RNA SKii mini;2;360.000
14/10/2025;Trị mụn Pair;3;135.000
14/10/2025;Kem mắt Meishoku;1;135.000
14/10/2025;Trị mụn Dalacin T Gel 1%;6;65.000
14/10/2025;Phấn Shiseido Baby;5;125.000
14/10/2025;Kem nền BB kose tone 2;2;360.000
14/10/2025;Kem chống nắng Kose Milk;2;380.000
14/10/2025;Xịt chống nắng Anessa;2;290.000
14/10/2025;Nước hoa hồng SkII mini;3;160.000
14/10/2025;Sữa rửa mặt Skii mini 20g;3;160.000
14/10/2025;Dầu gội đen tóc phủ bạc Komi màu nâu đen;2;390.000
14/10/2025;Dầu gội đen tóc phủ bạc Komi màu đen tự nhiên;2;390.000
14/10/2025;Dầu gội đen tóc phủ bạc Komi màu NÂU HẠT DẺ;1;390.000
14/10/2025;Dầu gội đen tóc phủ bạc Komi màu CAFE;1;390.000
14/10/2025;Kẻ mắt kiss me nội địa nhật;3;145.000
14/10/2025;Tẩy trang DHC 70 ml;2;150.000
14/10/2025;Tẩy da chết Rosette Cam (dưỡng sáng da);2;88.000
14/10/2025;Phấn phủ Canmake ML;3;200.000
14/10/2025;Phấn phủ canmake MO;3;200.000
14/10/2025;Kem dưỡng da tay Q10 màu đỏ;3;90.000
14/10/2025;Set gội xả mỡ ngựa 600ml;2;210.000
14/10/2025;Dầu gội mỡ ngựa lẻ;2;105.000
14/10/2025;Tẩy trang Chacott Nhật Bản 500ml;2;245.000
15/10/2025;Trang phục Người Nhện vip pro XY 1125 size M;3;195.000
15/10/2025;Trang phục Người que đại chiến XY 1303 size L;3;250.000
15/10/2025;Trang phục dơi đen XY 1153 size L;3;170.000
15/10/2025;Trang phục Bạch tuyết HK 0181 size S;3;290.000
15/10/2025;Trang phục Elsa HK 0178 size S;3;280.000
15/10/2025;Trang phục Kỳ lân cô nương BN 8015 size S;3;220.000
15/10/2025;Trang phục phù thuỷ XY 1292 size S;3;290.000
15/10/2025;Trang phục người dơi HK 0264 size M;3;180.000
15/10/2025;Trang phục chúa tể hài cốt XY 1279 size M;3;220.000
15/10/2025;Trang phục Bá tước máu XY 1271 size M;3;280.000
15/10/2025;Trang phục Ảo thuật gia HK 0291 size M;3;390.000
15/10/2025;Ma voan Halloween;10;45.000
15/10/2025;Túi dạ bí ngô Halloween;10;25.000
15/10/2025;Túi dạ mũ tím Halloween;10;25.000
15/10/2025;Túi dạ xô Halloween;10;30.000
15/10/2025;Bí đèn mặt đen mini;10;30.000
15/10/2025;Bí mini mặt đen không đèn;20;6.500
15/10/2025;Bí nhỡ mặt đen không đèn;10;13.000
16/10/2025;LACTACYD- Sữa tắm gội cho bé 500ml (Xanh dương);3;153.000
16/10/2025;LACTACYD- Sữa tắm gội cho bé 500ml (Xanh lá);3;153.000
16/10/2025;Sữa tắm gội cho bé Evoluderm Bé bé 500ml;1;130.000
16/10/2025;Túi thơm treo tủ quần áo Hygience Thái;15;20.000
16/10/2025;Màu bút lông Milo 12 màu;2;0
16/10/2025;Set cánh váy Halloween;2;105.000
16/10/2025;Set cánh váy Halloween;8;105.000
16/10/2025;Nến cam Halloween;12;28.000
16/10/2025;Búa 1000 ton;9;25.000
16/10/2025;Chổi kẽm xù phù thuỷ;10;25.000
16/10/2025;Chổi voan phù thuỷ;10;35.000
16/10/2025;Mũ phù thuỷ;10;15.000
16/10/2025;Áo choàng 3D kèm mũ Halloween;5;68.000
16/10/2025;Áo choàng đen vàng kèm mũ Halloween;5;60.000
16/10/2025;Áo choàng phù thuỷ đen vàng (120cm);5;30.000
16/10/2025;Áo choàng phù thuỷ đen trắng (100cm);5;26.000
16/10/2025;Áo choàng phù thuỷ đen vàng (80cm);5;22.000
16/10/2025;Áo choàng nhện;5;43.000
16/10/2025;Áo choàng 3D;8;65.000
17/10/2025;Sữa tắm cá ngựa to dạng vòi;4;138.000
17/10/2025;Set gội xả Biotin Collagen 1000ml trắng mẫu mới;2;315.000
17/10/2025;Set gội xả biotin 500ml vàng ( Dưỡng mềm mượt,giảm gẫy rụng);1;203.000
17/10/2025;Set Gội Xả Olexrs Argan Oil Collagen Hair Salon bé 500ml;2;230.000
17/10/2025;Kem ủ tóc Olexrs 500ml;2;125.000
17/10/2025;Serum Prettyskin Hydra Max B5 phục hồi, dưỡng trắng da 50ml;3;266.000
17/10/2025;Kem nền Maybelline Super Stay nắp tím tone 110;2;209.000
17/10/2025;Kem nền Maybelline Super Stay nắp tím tone 115;2;209.000
17/10/2025;Mặt nạ Sur Medic super hyaluronic 100 aqua mask;20;19.600
17/10/2025;Mặt nạ Sur Medic super calm repairing mask;20;19.700
17/10/2025;Mặt nạ Sur Medic Multi Vita cung cấp vitamin;20;19.400
17/10/2025;Bông tẩy trang Emily;10;30.000
17/10/2025;BÔNG TẨY TRANG IPEK 150 miếng;12;28.000
17/10/2025;Bảng phấn mắt 10 ô Gogo Tales tone G03;2;71.000
17/10/2025;Kem dưỡng Olay Luminous- ban ngày 50g;2;138.000
17/10/2025;Kem dưỡng Olay Luminous - Ban đêm;2;138.000
17/10/2025;Kem dưỡng Forencos ban đêm;1;430.000
17/10/2025;Kem chống nắng Marti Derm - Light;2;445.000
17/10/2025;Kem chống nắng Marti Derm TBN;2;435.000
17/10/2025;KCN phục hồi và dưỡng trắng cho da treatment Prettyskin hydra b5;3;206.000
17/10/2025;Khăn ướt tẩy trang Sena Demar 45 tờ;5;40.000
17/10/2025;Bông tẩy trang Elkos  Edeka 140m;12;36.000
17/10/2025;Kem dưỡng trắng da hỗ trợ giảm nám Dongsung Rancce 70g;2;320.000
17/10/2025;Chấm mụn dạng Gel Megaduo 15g;3;126.000
17/10/2025;Sữa rửa mặt trị mụn SOMEBYMI;2;183.000
17/10/2025;Kem dưỡng ẩm Medicube salmon DNA PDRN Pink Collagen Capsule Cream 55g;2;305.000
17/10/2025;Kẹo gôm Gummy Omega 3 Healthy Care;2;315.000
17/10/2025;Bánh que ngắn Bebecook 25g;10;47.000
17/10/2025;Hoa quả nghiền Fruto Nga;20;24.000
17/10/2025;Canxi hữu cơ cho người lớn Bioisland 150 viên;2;436.500
17/10/2025;Bánh ăn dặm FRUTO;6;46.000
17/10/2025;Váng sữa heinz vị Vanilla;8;38.000
17/10/2025;Váng sữa Heinz vị Chuối;8;38.000
17/10/2025;Váng sữa Heinz vị Xoài;8;38.000
17/10/2025;Váng sữa Heinz vị Dâu;4;38.000
17/10/2025;Bánh gạo lứt ăn dặm hữu cơ cho bé Alvins 25g (dạng que);10;49.400
17/10/2025;Bánh que dài bebecook 30g step 2 cho bé từ 12 tháng;10;52.000
17/10/2025;Kẹo Milo dinh dưỡng 100v;3;110.000
17/10/2025;Hộp nama socola tươi 408g Nâu;8;65.000
17/10/2025;Canxi hữu cơ cho người lớn Bioisland 150 viên;1;410.400
17/10/2025;Men vi sinh nhỏ giọt Imiale hộp 8g tặng 1 khay ăn Imiale;2;320.000
18/10/2025;SRM Simple Kind (xanh);3;90.000
18/10/2025;Sữa rửa mặt Babe 200ml;2;275.000
18/10/2025;Sữa rửa mặt Hadalabo dạng tuýp trắng 80g;3;76.000
18/10/2025;Sữa rửa mặt Cetaphil 59 ml;4;32.000
18/10/2025;Sữa rửa mặt Cetaphil 125ml cỡ nhỏ;4;133.000
18/10/2025;SRM Huxley cao cấp dạng vòi;2;230.000
18/10/2025;Sữa rửa mặt thải độc rau củ Super Vegitoks;2;170.000
18/10/2025;Gel bí đao rửa mặt Cocoon 310ml;2;130.000
18/10/2025;Sữa tắm nước hoa Tesori hương hoa thanh long ( kèm túi );2;175.000
18/10/2025;Sữa tắm nước hoa Tesori Ý hương hoa sen ( kèm túi );2;175.000
19/10/2025;Sáp dưỡng môi Vaseline hồng 20g - Rosy;5;38.000
19/10/2025;Serum The Ordinary Hyaluronic Acid 2%+ B5;2;216.000
19/10/2025;Sữa rửa mắt cerave 473ml- Da dầu;1;335.000
19/10/2025;Sữa rửa mặt La Roche - Posay 400ml;3;310.000
19/10/2025;Tẩy da chết Dove Đức lựu đỏ;3;168.000
19/10/2025;Son dưỡng Cocoon dầu dừa 5g;5;25.000
19/10/2025;Ủ tóc Cocoon bưởi 200ml;3;151.000
19/10/2025;Nước dưỡng da đầu bồ kết Cocoon 140ml;3;131.000
19/10/2025;Sữa rửa mặt nghệ Cocoon 310ml;3;208.000
19/10/2025;Hũ dưỡng Vaseline 50ml;6;27.000
19/10/2025;Tẩy Tế Bào Chết Môi Cocoon Từ Cà Phê Đắk Lắk;3;63.000
19/10/2025;Nước Hoa Hồng Klairs;4;145.000
19/10/2025;Nước tẩy trang phục hồi cho da nhạy cảm B5 Prettyskin Cleansing Water Pretty Skin 500ml;2;180.000
20/10/2025;Túi giấy hình cherry size trung 9311;12;7.500
20/10/2025;Túi giấy hình cherry size đại 9311;12;9.500
20/10/2025;Túi giấy bìa trong hình hoa size trung 9307;12;7.500
20/10/2025;Túi giấy bìa trong hình hoa size đại 9307;12;10.000
20/10/2025;Túi giấy bìa trong hình gấu thỏ size trung 9302;12;7.500
20/10/2025;Túi giấy bìa trong gấu thỏ size đại 9302;12;10.000
20/10/2025;Túi giấy kèm nơ vân đá size trung H-1013;12;7.500
20/10/2025;Túi giấy kèm nơ vân đá size đại H-1013;12;10.000
20/10/2025;Túi giấy kèm nơ lông chim size đại H-011;12;10.000
20/10/2025;Túi giấy kèm nơ hình hoa nhỏ size trung H-039;12;7.500
20/10/2025;Túi giấy kèm nơ hình hoa nhỏ size đại H-039;12;10.000
20/10/2025;Túi giấy kèm nơ hình hoa to size trung H1014;12;7.500
20/10/2025;Túi giấy kèm nơ hình hoa to size đại H1014;12;10.000
20/10/2025;Túi giấy nắp gập bìa trong gấu thỏ size trung 038-9296;12;7.000
20/10/2025;Túi giấy nắp gập bìa trong gấu thỏ size đại 038-9296;12;9.500
20/10/2025;Thiệp da kèm hoa khô TK4180;20;9.500
20/10/2025;Thiệp hoa to 4 mẫu DK4235/4211;20;6.500
20/10/2025;Thiệp sáng tạo bó hoa lụa 4288;20;9.500
20/10/2025;Thiệp hộp quà gập 3D kèm phong bì K4257/4258;40;3.500
20/10/2025;Dây nhảy trong suốt cán hồ lô 6043;4;20.000
20/10/2025;Dây nhảy đếm số loại to 317;4;20.000
20/10/2025;Đất nặn set 8 màu kèm khuôn 6711;12;12.000
20/10/2025;Đất nặn set 12 màu kèm khuôn 6712;6;18.000
20/10/2025;Canxi hữu cơ cho người lớn Bioisland 150 viên;1;410.400
20/10/2025;Viên uống thơm người DHC;1;155.000
20/10/2025;Phấn phủ Fit Me Compact 109 Maybelline;3;127.000
20/10/2025;Phấn phủ Fit Me Compact Maybelline tone 118;3;127.000
20/10/2025;Phấn phủ bền màu 8.5G #001 (Phấn phủ bột 3CE);3;275.000
20/10/2025;Phấn phủ bền màu 8.5G #002 (Phấn phủ bột 3CE);3;275.000
20/10/2025;Kem nền Maybelline Super Stay nắp tím tone 110;3;210.000
20/10/2025;Kem nền Maybelline Super Stay nắp tím tone 115;3;210.000
20/10/2025;3CE Fitting Mesh Cover Cushion N1.5;3;440.000
20/10/2025;Dầu xả L’oreal Paris Elseve Hyaluration Moisture 72h - 375ml ( Vòi xám );3;132.500
20/10/2025;Dầu gội L’orẻal Paris Elseve Hyaluron Moisture 72h - 620ml ( Vòi xám );3;132.500
20/10/2025;Dầu gội L’oreal Paris Elseve Hyaluron Pure 72h - 620ml ( Vòi xanh );3;132.500
20/10/2025;Dầu xả L’oreal Paris Elseve Hyaluration Pure 72h - 375ml ( Vòi xanh );3;132.500
20/10/2025;MBL mascara dài cong dày LS SKY HIGH WTP VERY BLACK AS;12;148.000
20/10/2025;Maybelline kem nền Fit Me M&P SPF 110 ( Nắp đen );3;180.000
20/10/2025;Tẩy da chết body Cà Phê Đắk Lắk Cocoon - 200ml;3;63.000
20/10/2025;Kem dưỡng ẩm Neutrogena gel (da dầu) 50ml;3;190.000
20/10/2025;KCN VICHY;2;227.000
20/10/2025;Kem dưỡng trắng da Olay (ban đêm);2;239.000
20/10/2025;Kem dưỡng Torriden Dive In Soothing Cream 100ml;2;229.000
20/10/2025;Bảng mắt 6 ô Odbo 04;2;72.000
20/10/2025;Kem chống nắng CNP nâng tone 50ml kèm quà tặng 31ml;3;256.000
20/10/2025;Phấn nước Missha Velvet đỏ tông 21;2;111.000
20/10/2025;Phấn nước kiềm dầu Missha hồng tone 21;2;130.000
21/10/2025;Chuột Típ có em;2;25.000
21/10/2025;Chuột Típ không muốn chải răng;2;25.000
21/10/2025;Chuột Típ đi học muộn;2;25.000
21/10/2025;Chuột Típ bị bắt nạt;2;25.000
21/10/2025;Chuột Típ không muốn mẹ đi làm;3;25.000
21/10/2025;Bỉm ơi, tạm biệt!;3;25.000
21/10/2025;Doraemon Movie Story: Nobita và vùng đất lý tưởng trên bầu trời;3;35.000
21/10/2025;Bluelock - Tập 9;2;35.000
21/10/2025;Bluelock - Tập 8;2;35.000
21/10/2025;Doraemon Movie Star: Tân Nobita và chuyến phiêu lưu vào xứ quỷ - 7 dũng sĩ phép thuật;2;30.000
21/10/2025;Comic -Chú thuật hồi chiến - Tập 3;2;30.000
21/10/2025;Comic -Chú thuật hồi chiến - Tập 2;2;30.000
21/10/2025;Comic -Chú thuật hồi chiến - Tập 1;2;30.000
21/10/2025;Comic Thanh gươm diệt quỷ - Tập 22;3;30.000
21/10/2025;Comic Thanh gươm diệt quỷ - Tập 20;2;30.000
21/10/2025;Comic Thanh gươm diệt quỷ - Tập 18;2;30.000
21/10/2025;Comic Thanh gươm diệt quỷ - Tập 17;2;30.000
21/10/2025;Comic Thanh gươm diệt quỷ - Tập 14;2;30.000
21/10/2025;Comic Thanh gươm diệt quỷ - Tập 12;2;30.000
21/10/2025;Comic Thanh gươm diệt quỷ - Tập 11;2;30.000
21/10/2025;Comic Thanh gươm diệt quỷ - Tập 9;2;30.000
21/10/2025;Comic Thanh gươm diệt quỷ - Tập 5;2;30.000
21/10/2025;Comic Thanh gươm diệt quỷ - Tập 10;2;25.000
21/10/2025;Comic Thanh gươm diệt quỷ - Tập 8;2;25.000
21/10/2025;Comic Thanh gươm diệt quỷ - Tập 7;2;25.000
21/10/2025;Comic Thanh gươm diệt quỷ - Tập 6;3;25.000
21/10/2025;Truyện Dragon Ball Super - Tập 16;2;30.000
21/10/2025;Truyện Dragon Ball Super - Tập 15;2;30.000
21/10/2025;Truyện Dragon Ball Super - Tập 10;2;30.000
21/10/2025;Truyện Dragon Ball Super - Tập 9;3;30.000
21/10/2025;Truyện Dragon Ball Super - Tập 8;2;30.000
21/10/2025;Truyện Dragon Ball Super - Tập 7;2;30.000
21/10/2025;Truyện Dragon Ball Super - Tập 6;2;30.000
21/10/2025;Truyện Dragon Ball Super - Tập 5;2;30.000
21/10/2025;Truyện Dragon Ball Super - Tập 3;2;30.000
21/10/2025;Truyện Dragon Ball Super - Tập 1;2;30.000
21/10/2025;Truyện Doraemon Plus - Tập 5;2;22.000
21/10/2025;Truyện Doraemon Plus - Tập 4;2;22.000
21/10/2025;Truyện Doraemon Plus - Tập 1;2;22.000
21/10/2025;Thám tử lừng danh Conan- Tập 17;2;25.000
21/10/2025;Thám tử lừng danh Conan tập 106;10;25.000
21/10/2025;Shin - Cậu bé bút chì - Tập 50;2;25.000
21/10/2025;Shin - Cậu bé bút chì - Tập 34;2;25.000
21/10/2025;Shin - Cậu bé bút chì - Tập 27;3;25.000
21/10/2025;Shin - Cậu bé bút chì - Tập 47;2;25.000
21/10/2025;Shin - Cậu bé bút chì - Tập 46;2;25.000
21/10/2025;Shin - Cậu bé bút chì - Tập 43;2;25.000
21/10/2025;Shin - Cậu bé bút chì - Tập 42;2;25.000
21/10/2025;Shin - Cậu bé bút chì - Tập 41;2;25.000
21/10/2025;Shin - Cậu bé bút chì - Tập 29;2;25.000
21/10/2025;Shin - Cậu bé bút chì - Tập 28;2;25.000
21/10/2025;Shin - Cậu bé bút chì - Tập 26;2;25.000
21/10/2025;Shin - Cậu bé bút chì - Tập 17;2;25.000
21/10/2025;Shin - Cậu bé bút chì - Tập 16;2;25.000
21/10/2025;Doraemon Tuyển tập truyện tranh màu - Tập 2;3;50.000
21/10/2025;Doraemon Tuyển tập truyện tranh màu - Tập 1;2;50.000
21/10/2025;Doraemon Tuyển tập truyện tranh màu - Tập 5;2;50.000
21/10/2025;Doraemon Tuyển tập truyện tranh màu - Tập 4;2;50.000
21/10/2025;Comic Doraemon truyện dài - Tập 20;2;22.000
21/10/2025;Comic Doraemon truyện dài - Tập 18;2;22.000
21/10/2025;Comic Doraemon truyện dài - Tập 17;2;22.000
21/10/2025;Comic Doraemon truyện dài - Tập 1 - Chú Khủng Long Của Nobita;2;22.000
21/10/2025;Comic Doraemon truyện ngắn - Tập 45;2;22.000
21/10/2025;Comic Doraemon truyện ngắn - Tập 42;2;22.000
21/10/2025;Comic Doraemon truyện ngắn - Tập 35;2;22.000
21/10/2025;Comic Doraemon truyện ngắn - Tập 30;2;22.000
21/10/2025;Comic Doraemon truyện ngắn - Tập 21;2;22.000
21/10/2025;Comic Doraemon truyện ngắn - Tập 16;2;22.000
21/10/2025;Comic Doraemon truyện ngắn - Tập 12;2;22.000
21/10/2025;Comic Doraemon truyện ngắn - Tập 10;2;22.000
21/10/2025;Comic Doraemon truyện ngắn - Tập 5;2;22.000
21/10/2025;Comic Doraemon truyện ngắn - Tập 3;2;22.000
21/10/2025;Comic Doraemon truyện ngắn - Tập 2;2;22.000
21/10/2025;Comic Doraemon truyện ngắn - Tập 29;2;22.000
21/10/2025;Comic Doraemon truyện ngắn - Tập 27;2;22.000
21/10/2025;One Piece tập 102;3;30.000
21/10/2025;Comic One Piece - Tập 78;3;30.000
21/10/2025;Comic One Piece - Tập 2;2;30.000
21/10/2025;Comic One Piece - Tập 1;3;30.000
21/10/2025;Comic One Piece - Tập 77;3;25.000
21/10/2025;Comic One Piece - Tập 76;2;25.000
21/10/2025;Comic One Piece - Tập 73;2;25.000
21/10/2025;Comic Dragon Ball - 7 viên ngọc rồng- Tập 5;2;30.000
21/10/2025;Comic Dragon Ball - 7 viên ngọc rồng - Tập 4;2;30.000
21/10/2025;Comic Dragon Ball - 7 viên ngọc rồng - Tập 3;3;30.000
21/10/2025;Comic Dragon Ball - 7 viên ngọc rồng - Tập 2;2;30.000
21/10/2025;Comic Dragon Ball - 7 viên ngọc rồng - Tập 1;3;30.000
21/10/2025;Comic Dragon Ball - 7 viên ngọc rồng - Tập 7;2;25.000
21/10/2025;Giấy màu Pony;2;0
21/10/2025;Thẻ bài hoạt hình 4 IPs - Shin - Cậu bé bút chì;30;6.500
21/10/2025;Thẻ bài hoạt hình 4 IPs - Ponies;30;6.500
21/10/2025;Túi giấy rơm nhiều màu 30gr Z8501;10;11.000
21/10/2025;Túi giấy rơm nhiều màu kèm hạt pom pom Z8505;10;13.000
21/10/2025;Túi giấy bìa trong kèm thiệp cỡ nhỏ;20;6.500
21/10/2025;Túi giấy bìa trong kẹp thiệp cỡ trung 30x20x16cm;20;7.800
21/10/2025;Túi giấy bìa trong kèm thiệp cỡ đại 35x25x15cm;20;9.000
21/10/2025;Móc khoá cá sấu cắn tay MK12;10;20.000
21/10/2025;Móc khoá thỏ kem MK05;10;20.000
21/10/2025;Móc khoá thú đổi mặt MK06;10;27.000
21/10/2025;Túi trong PVC màu trơn 6528;16;10.000
21/10/2025;Set bó hoa bông kitty kèm túi + thiệp + đèn H02;2;150.000
21/10/2025;Lọ thuỷ tinh ước nguyện đại dương hồng;24;17.000
21/10/2025;Lọ thuỷ tinh ước nguyện 92798;16;10.000
21/10/2025;Dây nhảy nhựa mềm cán 2 màu 6042;4;20.000
21/10/2025;Nến thơm hình hoa tulip 3 cánh XZ130;5;25.000
21/10/2025;Nến thơm hình hoa tulip XZ206;5;24.000
21/10/2025;Nến thơm hình vuông khối rubik XZ001;5;18.000
21/10/2025;Nến thơm hình gấu XZ194;5;25.000
21/10/2025;Nến thơm hình bánh macaron XZ142;5;20.000
21/10/2025;Slam quả cầu sanrio 4047C;12;15.000
21/10/2025;Slam quả cầu kèm đồ chơi cô bé thỏ 4047B;12;15.000
21/10/2025;Giấy gập sao hũ chó trắng TK9517;12;18.000
21/10/2025;Giấy gập sao hũ tim TK9515;9;19.000
21/10/2025;Lọ gấp sao gấu dâu TK9518;12;20.000
22/10/2025;Từ điển hình ảnh: Số đếm;3;30.000
22/10/2025;Từ điển hình ảnh: Chữ cái;2;30.000
22/10/2025;Comic Chuyện kể về danh nhận thế giới: Hillary Clinton;2;65.000
22/10/2025;Chuột Típ không vâng lời;2;25.000
22/10/2025;Chuột Típ nói dối;2;25.000
23/10/2025;Thế giới của Peppa - Peppa yêu quý bác sĩ và y tá;3;40.000
23/10/2025;Thế giới của Peppa - Ngủ ngon nhé, Peppa;3;40.000
23/10/2025;Kéo tay tô màu: Peppa hào hiệp;4;25.000
23/10/2025;Kéo tay tô màu: Những bữa tiệc vui vẻ;5;25.000
23/10/2025;Kéo tay tô màu: Lớn lên! Lớn lên!;3;25.000
23/10/2025;Kéo tay tô màu: Giáng sinh của Peppa;5;25.000
23/10/2025;Yêu thương cho con: Mẹ yêu con;2;30.000
23/10/2025;Hỏi đáp rèn trí thông minh 2-3 tuổi;3;36.000
23/10/2025;Hỏi đáp rèn trí thông minh 3-4 tuổi;2;36.000
23/10/2025;Bên con mỗi ngày: Lớn lên nào, những ước mơ bé nhỏ!;2;25.000
23/10/2025;Bên con mỗi ngày: Mẹ yêu con mọi lúc;2;25.000
23/10/2025;Bên con mỗi ngày: Mẹ con mình bên nhau;2;25.000
23/10/2025;Sách Bí kíp ghi chép hiệu quả;2;85.000
23/10/2025;Sách Con sẽ tự giác;2;50.000
23/10/2025;Cổ tích Việt Nam cho bé: Thạch Sanh;2;20.000
23/10/2025;Cổ tích Việt Nam cho bé Mẫu giáo: Tiếng sáo thần kì;2;20.000
23/10/2025;Những chiếc xe hiệp sĩ: Xe cứu hỏa vất vả;2;18.000
23/10/2025;Sách Thế giới xe công trình: Xe cẩu tốt bụng;2;26.000
23/10/2025;Sách Thế giới xe công trình: Xe nâng cừ khôi;2;26.000
23/10/2025;Sách Thế giới xe công trình: Xe trộn bê tông vất vả;3;26.000
23/10/2025;Sách Mẹ Do thái dạy con tư duy;2;72.000
23/10/2025;Sách Mẹ Đức dạy con kỷ luật;2;65.000
23/10/2025;Vì sao tớ yêu giờ đi ngủ?;2;30.000
23/10/2025;Vì sao tớ yêu bạn bè?;3;30.000
23/10/2025;Vì sao tớ yêu ông?;2;30.000
23/10/2025;Vì sao tớ yêu rừng?;2;30.000
23/10/2025;Mẹ hỏi bé trả lời 2-3 tuổi;5;30.000
23/10/2025;Mẹ hỏi bé trả lời 1-2 tuổi;5;30.000
23/10/2025;Sách Tớ rất tự lập: Tớ tự vệ sinh cơ thể;2;65.000
23/10/2025;Comic Thắc mắc tuổi mới lớn tập 1;2;75.000
23/10/2025;Xe cảnh sát thần tốc;2;40.000
23/10/2025;Xe cứu thương nhiệt tình;3;40.000
23/10/2025;Xe cứu hỏa thiện nghệ;3;35.000
23/10/2025;Xe chở hàng tốt bụng;2;35.000
23/10/2025;Cùng chơi với bé: Nào đánh răng nhé!;2;60.000
23/10/2025;Cùng chơi với bé: Chúc bé ngủ ngon;2;60.000
23/10/2025;Cùng chơi với bé:  Đi tắm thật thích;2;60.000
23/10/2025;Cùng chơi với bé: Ú òa! Ú òa!;2;60.000
23/10/2025;Cùng chơi với bé: Xin chào! Xin chào!;2;60.000
23/10/2025;Từ điển hình ảnh: Phương tiện;3;30.000
24/10/2025;Gấu trúc đi tìm: Có thấy không gấu trúc ơi;2;55.000
24/10/2025;Thế giới của Peppa - Thư viện;3;30.000
24/10/2025;Thế giới của Peppa - Ngày hội thể thao;3;30.000
24/10/2025;Thế giới của Peppa - Ngày nghỉ của Cô Thỏ;3;30.000
24/10/2025;Thế giới của Peppa - Cuộc đua xe đạp;2;30.000
24/10/2025;Thế giới của Peppa - Giếng ước;3;30.000
24/10/2025;Thế giới của Peppa - Nước hoa của bà;3;30.000
24/10/2025;Thế giới của Peppa - A lô, bác sĩ ơi!;3;30.000
24/10/2025;Thế giới của Peppa - Kỳ nghỉ hè của Peppa;3;40.000
25/10/2025;Bánh thù Ginbis hồng vị sữa;3;57.000
25/10/2025;Bánh Thú Ginbis xanh lá vị rau củ;3;57.000
25/10/2025;Bánh gạo tươi ăn dặm rau củ 7+ Haihain xanh lá;6;40.000
25/10/2025;Son dưỡng Dior Addit Lip Glow 033 ( tặng kèm túi);2;590.000
25/10/2025;Son dưỡng Dior Addit Lip Glow 001 ( tặng kèm túi );2;590.000
25/10/2025;Son dưỡng Dior Addit Lip Glow 004 ( tặng kèm túi );2;590.000
25/10/2025;Son dưỡng Dior Addit Lip Glow 012 ( tặng kèm túi );1;590.000
25/10/2025;Gấu trúc đi tìm: Ở đâu thế gấu trúc ơi;3;55.000
25/10/2025;Gấu trúc đi tìm: Làm thế nào đây gáu trúc ơi;3;55.000
26/10/2025;Bánh gạo Gerber hộp giấy;3;68.000
26/10/2025;Nui hình ngôi sao chữ cái Bartolini;6;45.000
26/10/2025;Kẹo gôm dinh dưỡng Vitamin rau củ tổng hợp ( tím nhạt);2;160.000
26/10/2025;Kẹo gôm dinh dưỡng Vitamin D + canxi ( xanh da trời nhạt);2;160.000
26/10/2025;Kẹo gôm dinh dưỡng Omega Nature's Way (xanh dương đậm);2;175.000
26/10/2025;Tắm gội chống cảm cho bé Penaten;3;100.000
26/10/2025;Tắm gội Arau 450ml;4;138.000
26/10/2025;Nước rửa bình Arau dạng túi 450ml;5;73.000
26/10/2025;Nước rửa bình sữa 500ml Arau chai;2;82.000
26/10/2025;Kẹo vitamin tổng hợp Mivolis 60v cho bé;5;90.000
26/10/2025;Kem đánh răng Pigeon vị nho (mẫu mới);6;68.000
26/10/2025;Trị rạn Bio Oil 125ml;2;240.000
26/10/2025;Bánh kem ốc quế Pororo vị chuối;2;42.000
26/10/2025;Bánh kem ốc quế Pororo vị socola;2;42.000
26/10/2025;Bánh kem ốc quế Pororo vị dâu;2;42.000
26/10/2025;Kem đánh răng trẻ em Pororo vị đào;4;28.000
26/10/2025;kem đánh răng pororo vị chuối 2y+;6;28.000
26/10/2025;Phomai hữu cơ tách muối HQ vị tự nhiên 6m+;6;75.000
26/10/2025;Phômai tách muối hữu cơ DONGWON-DENMARK cho bé (6m+);6;82.000
26/10/2025;Elevit mẹ cho con bú sau sinh;1;500.000
26/10/2025;Elevit bà bầu 100v;1;1.005.000
26/10/2025;Dưỡng thể hoa cúc Cetaphil 400ml Calendula( màu cam);2;258.000
26/10/2025;Kem hăm Bepanthen;3;122.000
26/10/2025;Phấn rôm Penaten Puder;2;74.000
26/10/2025;Tắm gội Cetaphil dạng vòi 400ml (cúc vạn thọ);2;230.000
27/10/2025;Cảm cúm Nhật 210 viên;3;285.000
27/10/2025;kem đánh răng pororo vị chuối 2y+;1;28.000
27/10/2025;Sữa rửa mặt tạo bọt Hadalabo màu trắng;1;77.000
27/10/2025;Sữa bột Nan nội địa Nga số 4;2;465.000
27/10/2025;Aptamil Đức bạc pre;1;828.000
27/10/2025;Aptamil Đức bạc số 2;1;750.000
27/10/2025;Khẩu trang Unicharm 100c;2;173.000
27/10/2025;sữa chua bledina vị lê;1;85.000
27/10/2025;Kem đánh răng Pigeon vị dâu hộp giấy (mẫu mới);2;68.000
27/10/2025;Kem đánh răng Pigeon vị bạc hà hộp giấy (mẫu mới);2;68.000
28/10/2025;Kem nền Maybelline Super Stay nắp tím tone 110;1;211.000
28/10/2025;Bubchen - Sữa tắm gội Trái tim xanh;2;65.000
28/10/2025;KEM ĐÁNH RĂNG AJONA;10;45.000
28/10/2025;Gạc hươu non pang pang;15;21.500
28/10/2025;Cảm cúm Nhật 210 viên;1;285.000
28/10/2025;Son Dior màu 777 (tặng kèm túi);1;590.000
28/10/2025;Son Dior màu 228 (tặng kèm túi);1;590.000
28/10/2025;Son Dior màu 217 (tặng kèm túi);2;590.000
28/10/2025;Son Dior màu 314 (tặng kèm túi);2;590.000
28/10/2025;Son Dior màu 772 (tặng kèm túi);2;590.000
28/10/2025;Bánh 3 tầng vị socola;8;12.000
28/10/2025;Bánh 3 tầng vị dâu;8;12.000
28/10/2025;Xúc xích bi;60;4.000
28/10/2025;Bánh donut chà bông;6;13.000
28/10/2025;Bánh quẩy sữa chua;7;12.000
28/10/2025;Sữa chua uống vị dừa Wahaha Nhật Bản 500ml;10;18.000
28/10/2025;Bánh mỳ nhân sữa chua Aidebao;14;8.000
28/10/2025;Xiên kẹo dẻo Burger Đài loan;120;3.000
28/10/2025;Bánh túi bông lan sữa;2;48.000
28/10/2025;Bánh tròn ruốc;5;13.000
28/10/2025;Bánh Pizza Cake;10;12.000
28/10/2025;Bánh ngàn lớp sữa;10;12.000
28/10/2025;Bánh lava trứng matcha;14;6.000
28/10/2025;Bánh lava trứng scl;15;6.000
28/10/2025;Bánh Sanwich sữa chua đài loan;17;9.000
28/10/2025;Bánh mario óc chó;7;12.000
28/10/2025;Bánh mochi khay mix vị 4;10;16.000
28/10/2025;Bánh cuồn phô mai( mẫu mới);20;10.000
28/10/2025;bánh Family ruốc;9;10.000
28/10/2025;Xúc xích khủng (Đỏ) vị bò;12;12.000
28/10/2025;Xúc xích khủng (nâu) vị gà;12;12.000
28/10/2025;Xúc xích khủng (Cam);12;12.000
28/10/2025;Xúc xích nướng đại;20;18.000
28/10/2025;Hạt CHIA BLACK BAG 500g úc;5;60.000
28/10/2025;Sữa chua trân châu thạch vị cherry;8;21.000
28/10/2025;sữa chua trân châu thạch vị vải;8;21.000
28/10/2025;Sữa chua trân châu thạch vị xoài;8;21.000
28/10/2025;Sữa lắc trân châu vị dâu;8;21.000
28/10/2025;Sữa chua trân châu thạch vị bơ;8;21.000
28/10/2025;Sữa chua trân châu thạch vị ổi;8;21.000
28/10/2025;Ngũ cốc Calbee trắng ( ít đường);2;125.000
28/10/2025;Tẩy da chết mặt Muji than hoạt tính;2;90.000
28/10/2025;Dưỡng thể Vaseline dạng chai 725ml - màu vàng;1;115.000
28/10/2025;Dưỡng thể Vaseline dạng chai 725ml - màu xanh;2;120.000
28/10/2025;Dưỡng thể Vaseline 10X Gluta-hya serum Burst Lotion trắng da ban đêm 330ml;2;89.000
28/10/2025;SRM gạo hồng to 150ml TFS;2;90.000
28/10/2025;SRM Innisfree Trà xanh;2;125.000
28/10/2025;Nhuộm tóc Bigen Nhật Bản 6G;2;105.000
28/10/2025;Ngô nếp sấy giòn vị cay ngọt truyền thống gói 400g;4;26.000
28/10/2025;Bình tập uống pigeon 330ml hồng;1;130.000
28/10/2025;Bình tập uống pigeon 330ml xanh;1;130.000
28/10/2025;Set 5 cặp dán ngực tự thân;2;25.000
28/10/2025;Bánh chấm Origo;1;10.000
28/10/2025;Bánh chấm socola;5;10.000
28/10/2025;Kẹo lẩu Humburger;8;15.000
28/10/2025;bánh trứng chảy ĐÀI LOAN 2;2;6.000
28/10/2025;Bánh mỳ nhân sữa chua Aidebao;2;8.000
28/10/2025;BÔNG TẨY TRANG IPEK 150 miếng;1;27.000
28/10/2025;Bông tẩy trang Lamer La Soirée120m;10;35.500
28/10/2025;Kẹo gôm Gummy Multivitamins Healthy Care cho bé;2;295.000
28/10/2025;Kẹo gôm Gummy Omega 3 Healthy Care;2;300.000
28/10/2025;Sữa rửa mặt trà xanh rohto;1;80.000
28/10/2025;Kẹo trà xanh UHA Nhật Bản;2;32.000
29/10/2025;Sữa bột Ensure Úc 850g;3;680.000
29/10/2025;Sữa bột Aptamil Essensis Organic số 3;3;1.730.000
29/10/2025;Aptamil pro Úc mẫu mới số 3;9;745.000
29/10/2025;Sữa chua Bledina vị chuối;8;85.000
29/10/2025;Tẩy trang Mascara KISS ME;1;122.000
29/10/2025;Kem dưỡng ẩm Dexeryl đặc trị da khô, dưỡng ẩm sâu 50g;2;113.000
29/10/2025;Siro tăng đề kháng Anaferon Nga;3;120.000
29/10/2025;Cốt hầm xương bé Nhật 500g;1;134.000
29/10/2025;Kem hăm Bepanthen;1;125.000
29/10/2025;DDVS máy rửa bát FINISH;2;65.000
29/10/2025;KĐR Marvis Whitening Mint 85ml;4;137.000
29/10/2025;Bánh ốc quế Glico 10 túi;2;60.000
29/10/2025;Bánh mì hoa cúc 210g bé;1;95.000
29/10/2025;Nước làm bóng bát đĩa FINISH;6;93.000
29/10/2025;Muối cho máy rửa bát FINISH 1.2kg;6;65.000
29/10/2025;Ô tự động 8 nan;10;90.000
29/10/2025;Set mút rửa mặt nở;20;12.000
29/10/2025;Kìm thép D501;6;45.000
29/10/2025;Bánh mì hoa cúc 515g to;2;135.000
29/10/2025;Bánh mì hoa cúc 210g bé;5;95.000
29/10/2025;Nước xả vải Hygiene đen 2,2L;6;135.000
29/10/2025;Nước xả vải Hygiene đen 1,1L;12;72.000
29/10/2025;Nước xả vải Hygiene trắng 1,1L;12;72.000
29/10/2025;Nước xả Hygiene trắng 2,2l;6;135.000
29/10/2025;Nước hồng sâm Paldo Nho - Việt quất;15;11.500
29/10/2025;Nước hồng sâm Paldo Táo - Mơ;10;11.500
29/10/2025;Nước hồng sâm Paldo vị Cam;15;11.500
29/10/2025;Đầu lân kiêu sa to;1;130.000
29/10/2025;Trà sữa truyền thống;3;12.000
29/10/2025;Sữa chua trân châu thạch vị ổi;4;20.000
29/10/2025;Sữa chua trân châu thạch vị cherry;1;20.000
29/10/2025;Sữa rửa mặt cetaphil chai lớn cho da thường;1;305.000
29/10/2025;Mỳ Apanman cho bé vị thịt màu đỏ;2;42.000
29/10/2025;Sữa bột Pediasure Úc mẫu mới;1;570.000
30/10/2025;Mặt nạ siêu anh hùng 2041;2;28.000
30/10/2025;Mặt nạ SpiderMan 2026 (168/T);1;25.000
30/10/2025;Đèn lồng gấu dâu;1;55.000
30/10/2025;Đầu lân đỏ chạy;2;75.000
30/10/2025;Baby Three V3 Mini Auth;1;100.000
30/10/2025;Nước trái cây pororo vị trái cây nhiệt đới 235ml;2;12.708
30/10/2025;Nước trái cây Pororo vị chuối 235ml;5;12.708
30/10/2025;Nước trái cây Pororo vị dâu 235ml;4;12.708
30/10/2025;Xúc xích nướng đại;3;18.000
30/10/2025;Xúc xích khủng màu đỏ (vị bò cay);2;12.000
30/10/2025;socola meiji đen 41g;3;38.000
30/10/2025;Socola Meiji nâu sữa 41g;8;38.000
30/10/2025;SRM gạo hồng to 150ml TFS;2;90.000
30/10/2025;Elevit bà bầu 100v;1;910.000
30/10/2025;Bánh kem ốc quế Pororo vị chuối;1;41.000
30/10/2025;Bánh kem ốc quế Pororo vị sữa chua;1;41.000
30/10/2025;Muối cho máy rửa bát FINISH 1.2kg;5;65.000
30/10/2025;Viên rửa bát Finish-Quantum-64v;2;240.000
30/10/2025;Gel rửa bát Finish Eco-900ml;2;220.000
30/10/2025;Nước xả vải Hygiene trắng 1,1L;1;75.000
30/10/2025;Ngũ cốc đậu đen Hàn Quốc;4;200.000
30/10/2025;Kỷ tử hữu cơ sấy khô Organic Traditions Mỹ;6;99.000
30/10/2025;Nước dinh dưỡng Lotte hồng tăng cân (vị mận + nho);30;28.700
31/10/2025;Slam khối vuông mini đặc;1;2.917
31/10/2025;Đèn nhựa mini;10;6.500
31/10/2025;Chong chóng xanh/ hồng;1;35.000
31/10/2025;Búa thor;3;50.000
31/10/2025;Đồ chơi squishy TZ-8867 loppy;2;16.000
31/10/2025;Kiếm người sắt, người nhện;2;42.000
31/10/2025;Kiếm siêu nhân;3;42.000
31/10/2025;Kẹp càng cua/khủng long;5;35.000
31/10/2025;Kiếm đôi;4;32.000
31/10/2025;Đèn lồng tung tung;4;85.000
31/10/2025;Lồng đèn Shin;2;100.000
31/10/2025;Đèn lồng 2 mảnh babythree;1;25.000
31/10/2025;Hot wheels;12;45.000
31/10/2025;TDC Đồng hồ âm nhạc đội trưởng mỹ ZL8528.;1;27.000
31/10/2025;Đồng hồ âm nhạc-360 Cinamoroll;1;27.000
31/10/2025;TDC sách nam châm hello kitty -120;1;16.500
31/10/2025;Sách tương tác nam châm natra;5;20.000
31/10/2025;TDC Sách nam châm Kuromi-100 SNC-04;3;16.500
31/10/2025;Sách nam châm baby three;2;17.000
31/10/2025;Đèn lồng người sắt;1;55.000
31/10/2025;Máy bắn bong bóng 12 nòng - 72;1;43.120
31/10/2025;Gậy phát sáng đủ hình;12;18.000
31/10/2025;kẹo chip chip hình pizza ( lẻ );9;2.250
31/10/2025;Set 10 kẹo chip chip hình pizza ( 1 dây );3;22.000
31/10/2025;Slam quả cầu kèm đồ chơi cô bé thỏ 4047A;5;15.000
31/10/2025;Slam quả cầu kèm đồ chơi Capy 4047;4;15.000
31/10/2025;Slam dẻo hũ trái cây vàng 1313;1;6.200
31/10/2025;Slam hũ dẻo tròn chữ M 1368;1;6.200
31/10/2025;slime bơ hương phô mai/dâu MK-2106;1;12.000
31/10/2025;PL- Đồ chơi Squishy CY-5264 (1/12);1;15.000
31/10/2025;Đồ chơi squishy gấu hồng sen;2;18.500
31/10/2025;Đồ chơi squishy 8861;2;16.000
31/10/2025;Đồ chơi squishy TZ-8866 gấu dâu;4;16.000
31/10/2025;Mặt nạ chiến binh báo đen 2081 (240/T);3;22.000
1/11/2025;Sắt Ferrolip;1;265.000
1/11/2025;Sữa óc chó KF;16;8.438
1/11/2025;Chanh Mật Ong hàn Quốc;3;105.000
1/11/2025;SRM La roche Posay cho da dầu,nhạy cảm 50ml;4;34.000
1/11/2025;Bộ sáng tạo popin cokin cá vàng;1;68.000
1/11/2025;Nước hồng sâm Paldo vị Cam;2;11.500
1/11/2025;Kẹo gôm dinh dưỡng Omega Nature's Way (xanh dương đậm);1;155.000
1/11/2025;Tẩy da chết mặt Muji than hoạt tính;1;90.000
1/11/2025;Sữa rửa mặt Oxy Wash 130g than bùn (màu đen);1;59.000
1/11/2025;Bộ sáng tạo Popin Cokin Shushi;2;76.000
1/11/2025;Bộ sáng tạo Popin Cookin Chocolate-Whip Cake Ya San;3;76.000
1/11/2025;Phomai hữu cơ tách muối HQ vị tự nhiên 6m+;4;82.000
1/11/2025;Ngô nếp sấy giòn vị phô mai gói 400g;1;28.000
1/11/2025;Pin đũa con thỏ AAA R03P vỉ lẻ (nhỏ);74;1.180
1/11/2025;Pin tiểu con thỏ AA R6P lẻ (to);41;1.426
1/11/2025;Pin cúc lẻ;10;2.500
1/11/2025;Đèn lồng giấy bìa cứng DIY hình thỏ DL-002;4;12.000
1/11/2025;Đèn lồng giấy DIY chất liệu PVC hình thỏ hằng nga DL-003;1;14.000
1/11/2025;Đèn lồng cá chép DIY DL-004;2;20.000
1/11/2025;Đèn lồng DIY thỏ hoa sen DL-005;2;22.000
1/11/2025;Đèn lồng giấy bìa cứng DIY hình lâu đài DL-001;1;22.000






