Tên sản phẩm,Loại sản phẩm,Mã SKU,LC_CN1_Tồn kho ban đầu,LC_CN1_Giá vốn khởi tạo,PL_Giá bán lẻ,PL_Giá nhập
Nam châm tủ lạnh,Thủ công mỹ nghệ,KG03,611,0,10.000,7.000
Cao sao vàng 3g (HP),Cao,8934900020016,380,0,5.000,4.000
Thuốc lá bao Lotus Trầm (20 điếu vỏ vàng),"Xì Gà, Thuốc Lá",8936031838812,302,0,60.000,44.000
Bưu ảnh( Post ảnh),Thủ công mỹ nghệ,KG/ANH,237,0,10.000,7.000
Đũa gỗ khảm trai,Đũa,SM/DUA,220,0,8.000,6.000
Thuốc lá Trump Silver demi BCNĐ,"Xì Gà, Thuốc Lá",8936031837396,172,0,40.000,30.000
Xì gà Domica slim (30 điếu/hộp),"Xì Gà, Thuốc Lá",8936030311156,160,0,150.000,111.000
Nam châm tăm,Thủ công mỹ nghệ,KG02,148,0,10.000,7.000
Thìa men kem,Hàng Gốm Sứ,THDTH001,147,0,30.000,22.000
Xì gà Lotus Slim (Hộp giấy 30 điếu),"Xì Gà, Thuốc Lá",8936031838690,145,0,100.000,74.000
Đũa dừa khẩu,Đũa,DUA/D/K,140,0,6.000,4.000
Đũa thốt nốt,Đũa,DUA/TN,140,0,6.000,4.000
Bookmark ảnh,Thủ công mỹ nghệ,KG01/A,118,0,10.000,7.000
đĩa muối vuông vẽ CL,Hàng Gốm Sứ,T/DMV/CL,111,0,40.000,30.000
Đũa gỗ đầu ngọc,Đũa,DUA/G/DN,110,0,8.000,6.000
GỐM TREO DECO MINI,Hàng Gốm Sứ,T/GTDC/MN,95,0,30.000,22.000
Gác đũa HB,Hàng Gốm Sứ,HB/GD,94,0,30.000,22.000
Thìa vẽ các loại L1,Hàng Gốm Sứ,ATVE01,92,0,30.000,22.000
Thìa cf các loại,Hàng Gốm Sứ,ATCF01,90,0,20.000,15.000
Đĩa muối men kem cl,Hàng Gốm Sứ,T/DM/MK,86,0,30.000,22.000
Bookmark tre,Thủ công mỹ nghệ,KG01,83,0,10.000,7.000
Thìa cà phê vẽ CL N,Hàng Gốm Sứ,ATCF01N,77,0,20.000,15.000
Thuốc lá bao Lotus Xì Gà Supper Slim BCNĐ 20 điếu/bao,"Xì Gà, Thuốc Lá",8936031835736,76,0,50.000,37.000
Gác đũa các loại,Hàng Gốm Sứ,gdcl,70,0,30.000,22.000
Cốc sen HB,Hàng Gốm Sứ,HB/C/SEN,67,0,80.000,59.000
Gác đũa vẽ CL N,Hàng Gốm Sứ,AGD/01N,63,0,30.000,22.000
Bookmark to,Thủ công mỹ nghệ,KG01/L,62,0,15.000,11.000
Mũ lưỡi trai cờ đỏ sao vàng,"Nón, Nón treo",MLTCDSV,60,0,40.000,30.000
Cốc trụ chấm,Hàng Gốm Sứ,HB/C/T/VC,60,0,80.000,59.000
Bát gáo dừa gắn trai,Hàng Sơn Mài,SM/BGDT,56,0,60.000,44.000
THÌA CF CL,Hàng Gốm Sứ,THCF/CL,55,0,10.000,7.000
Bát gáo dừa đồng quê NT,Hàng Sơn Mài,SM/BGD/DQ/NT,53,0,50.000,37.000
Đũa gỗ trắc cao cấp gắn trai(10đôi/vỉ),Đũa,G/DUA/CCTRAI,49,0,50.000,37.000
Gác đũa CL men kem,Hàng Gốm Sứ,T/GD/MK,48,0,30.000,22.000
Bát cơm hỏa biến sen,Hàng Gốm Sứ,HB/BC/SEN,48,0,70.000,52.000
ĐÔI ĐŨA SỨ,Đũa,T/DDUA/SU,44,0,20.000,15.000
Ví 2 khoá cô gái KT: 17x21,"Túi xách, Làn, Ví",V2KCG/17x21,42,0,50.000,37.000
Rượu Thanh Long 19% 100ml,Rượu,8938528985559,40,0,150.000,111.000
Cốc lọc trà TM,Hàng Gốm Sứ,CLTM01,40,0,120.000,89.000
Phin cà phê F8 đã in logo Thống Nhất,Phin CF,PCP/8/I/TN,40,0,80.000,59.000
"Áo T-shirt 5 cỡ (quang gánh, bản đồ, cô gái AD, phở)",Quần Áo,FV/A,39,0,300.000,222.000
Cốc lọc CF TM,Hàng Gốm Sứ,CFTM01,38,0,120.000,89.000
Gác thìa các loại men kem,Hàng Gốm Sứ,T/GTH/MK,37,0,30.000,22.000
Hạt điều hộp xếp hình hoa,"Đồ Ăn, Thức Uống",HD/H,37,0,100.000,74.000
Gác đũa men xanh ngọc,Hàng Gốm Sứ,MXN/GD,36,0,30.000,22.000
Cốc lọc trà 2 lớp,Hàng Gốm Sứ,CLTM04,35,0,120.000,89.000
Rượu mơ Yên Tử 100ml 19%,Rượu,8936105590097,35,0,150.000,111.000
Gác rượu SM,Hàng Sơn Mài,SM/GRU,35,0,180.000,133.000
MR.VIET Arabica - Cà Phê Rang Xay Túi 250g (MR.VIET Arabica - Ground Coffee 250g Bag),"Đồ Ăn, Thức Uống",8938506647851,34,0,200.000,148.000
Ví nắp lượn KT: 12X19,"Túi xách, Làn, Ví",VNL/12X19,33,0,50.000,37.000
Đĩa chấm men xanh ngọc,Hàng Gốm Sứ,MXN/DM,32,0,25.000,19.000
Rượu Sim Yên Tử 100ml 24%,Rượu,8936105590103/100,32,0,150.000,111.000
Cốc HB xanh dương,Hàng Gốm Sứ,HB/C/XD,30,0,80.000,59.000
Cốc hb có quai vẽ cl,Hàng Gốm Sứ,HB/C/Q/VE,30,0,90.000,67.000
Rượu mận ủ (Rồng may mắn) 16% 100ml,Rượu,M1MU0716100,29,0,150.000,111.000
Trà Hoa Hồng,"Đồ Ăn, Thức Uống",TRA/HH,29,0,50.000,37.000
Cốc Hb có quai XD,Hàng Gốm Sứ,HB/C/Q/XD,29,0,90.000,67.000
Hít giấy xoắn 3D,Thủ công mỹ nghệ,HGX/3D,28,0,30.000,22.000
Bát cơm vẽ hoa cl,Hàng Gốm Sứ,ABCOM02,27,0,50.000,37.000
Cốc CF thẳng có quai,Hàng Gốm Sứ,CF/CT/CQ,27,0,60.000,44.000
Rượu mùa cốm 100ml,Rượu,8938528985320,26,0,150.000,111.000
xoài sấy dẻo lọ 500g,"Đồ Ăn, Thức Uống",XSD/L/500G,26,0,120.000,89.000
Trà Atiso đỏ,"Đồ Ăn, Thức Uống",TRA/ATS,26,0,60.000,44.000
Cốc CF thẳng ko quai 4 màu,Hàng Gốm Sứ,CF/CT/4M,26,0,60.000,44.000
MẸT F25 VẼ PHONG CẢNH CL,Thủ công mỹ nghệ,TMET2501,26,0,500.000,370.000
Nón dây thổ cẩm,"Nón, Nón treo",ND/TC,26,0,100.000,74.000
Hộp trang sức SM hình chữ nhật KT 9x18,Hàng Sơn Mài,SM/HTS/9x18,26,0,300.000,222.000
"Áo dài hoa nhí, các loại",Quần Áo,CL/AODAI/HOA,25,"15.044,33",400.000,296.000
Bộ đũa bao gấm 5 đôi/1 vỉ,Đũa,DBG/5DOI,25,0,120.000,89.000
Sprite 320ml - hương chanh.,"Đồ Ăn, Thức Uống",8935049501718,24,0,12.000,9.000
Ken bia 330ml (chai lẻ),"Đồ Ăn, Thức Uống",8934822202330,24,0,24.000,18.000
Cốc vuốt HB,Hàng Gốm Sứ,HB/C/V,24,0,80.000,59.000
Áo dài thêu,Quần Áo,CL/AODAI/THEU,24,"7.912,09",600.000,444.000
"""MR.VIET Cà Phê Đường Phố - Cà Phê Rang Xay Túi 250g (MR.VIET Street Coffee - Ground Coffee 250g Bag)""","Đồ Ăn, Thức Uống",8936135431599,24,0,160.000,119.000
Nước khoáng Lavie 500ml (chai lẻ),"Đồ Ăn, Thức Uống",8935005801029,23,0,6.000,4.000
Trà San Tuyết,"Đồ Ăn, Thức Uống",TRA/ST,23,0,50.000,37.000
Bát mắm HB sen,Hàng Gốm Sứ,HB/BMM/SEN,23,0,50.000,37.000
Cốc HB,Hàng Gốm Sứ,C/HB,23,0,80.000,59.000
Hộp trang sức SM vuông 10x10,Hàng Sơn Mài,SM/HTS/10x10,23,0,200.000,148.000
Lọ mini vẽ các loại,Hàng Gốm Sứ,T/LH/MN/VE,23,0,50.000,37.000
Trà sâm dứa,"Đồ Ăn, Thức Uống",TRA/SD,23,0,60.000,44.000
MR.VIET Robusta - Cà Phê Rang Xay Túi 250g (MR.VIET Robusta - Ground Coffee 250g Bag),"Đồ Ăn, Thức Uống",8936135431773,23,0,160.000,119.000
Hà Nội bia 330ml (lon lẻ),"Đồ Ăn, Thức Uống",8936000440039,22,0,15.000,11.000
Móc khóa len thỏ cờ,Len,LEN/MKTC,22,0,60.000,44.000
Trà xanh hoa nhài,"Đồ Ăn, Thức Uống",TRA/XHN,22,0,120.000,89.000
Nấm đông trùng (GÓI),"Đồ Ăn, Thức Uống",NAM/DT,22,0,80.000,59.000
Chuông gió nhỏ,Hàng Gốm Sứ,CG01,22,0,100.000,74.000
Phin cà phê F7 đã in logo Thống Nhất,Phin CF,PCP/7/I/TN,22,0,70.000,52.000
Hạt điều lọ 500g,"Đồ Ăn, Thức Uống",H/DIEU/500G,22,0,125.000,93.000
Cam Sơn mài phi 8,Hàng Sơn Mài,SM/CAM8,22,0,80.000,59.000
MẸT F20 VẼ PHONG CẢNH CL,Thủ công mỹ nghệ,TMET2001,22,0,400.000,296.000
Sài gòn bia 330ml (lon lẻ),"Đồ Ăn, Thức Uống",8935012413321,21,0,15.000,11.000
Sổ ảnh Notebook,Thủ công mỹ nghệ,KG06,21,0,30.000,22.000
Rượu Hồng Liên 100ml,Rượu,8938528985962,21,0,150.000,111.000
Khay muối vuông HB sen,Hàng Gốm Sứ,HB/KHM/V/SEN,21,0,40.000,30.000
Cốc bút SM,Hàng Sơn Mài,SM/CB,21,0,100.000,74.000
Cốc cao men HB,Hàng Gốm Sứ,ACOCC002,21,0,60.000,44.000
Cốc CF màu (nhỡ),Hàng Gốm Sứ,CFTM07,21,0,60.000,44.000
Quýt sơn mài phi 10,Hàng Sơn Mài,SM/QUYT10,21,0,150.000,111.000
Hộp trang sức SM hình chữ nhật KT 8x12,Hàng Sơn Mài,SM/HTS/8x12,21,0,250.000,185.000
Rượu em mơ 100ml,Rượu,8938528985023,20,0,150.000,111.000
Thước len rùa 1,Len,LEN/TR1,20,0,50.000,37.000
ĐŨA DỪA DỌC,Đũa,DUA/D/D,20,0,6.000,4.000
Lọ chày sơn mài 20,Hàng Sơn Mài,SM/L/CHAY/20,20,0,100.000,74.000
Cốc lipton có nắp,Hàng Gốm Sứ,CTM02,20,0,80.000,59.000
Cốc HB có quai chấm,Hàng Gốm Sứ,HB/C/Q/C,20,0,90.000,67.000
Thước len rùa 2,Len,LEN/TR2,19,0,50.000,37.000
Cốc bộ độc ẩm HB,Hàng Gốm Sứ,HB/C/1M,19,0,100.000,74.000
MR.VIET Cà Phê Hương Chồn - Cà Phê Rang Xay Túi 250g (MR.VIET Chon - Ground Coffee 250g Bag),"Đồ Ăn, Thức Uống",8938506647912,19,0,200.000,148.000
"""MR.VIET Cà Phê Đà Lạt - Cà Phê Rang Xay Túi 250g (MR.VIET Dalat - Ground Coffee 250g Bag)""","Đồ Ăn, Thức Uống",8938506647561,19,0,160.000,119.000
Nón Huế vẽ phong cảnh phi 40,"Nón, Nón treo",NHVPC/40,19,0,100.000,74.000
Hộp phấn sơn mài phi 10,Hàng Sơn Mài,SM/PHAN/10,19,0,150.000,111.000
Xoài sấy dẻo muối ớt gói 500g,"Đồ Ăn, Thức Uống",XSD/MO/500G,18,0,120.000,89.000
Túi CN thêu 15x24x4,"Túi xách, Làn, Ví",CLY/TT15244,18,0,100.000,74.000
Túi xách đeo vai cô gái Việt Nam nhỏ KT: 34x26cm,"Túi xách, Làn, Ví",TXDVCGVN/34X26,18,0,100.000,74.000
Kẹo Hải Hà cứng Bạc Hà gói 70g,"Đồ Ăn, Thức Uống",8934595021190,18,0,10.000,7.000
Trà ướp bông sen hộp 2 bông,"Đồ Ăn, Thức Uống",TUBS/H/2,18,0,120.000,89.000
XOÀI SẤY DẺO GÓI 500G,"Đồ Ăn, Thức Uống",XSD/500G,18,0,120.000,89.000
Ấm bộ độc ẩm HB,Hàng Gốm Sứ,HB/AM/1M,18,0,250.000,185.000
Phin cà phê F6 đã in logo Thống Nhất,Phin CF,PCP/6/I/TN,18,0,65.000,48.000
Đèn lồng tròn 40cm,Đèn lồng,DL/TRON/40,18,0,150.000,111.000
Trà Ô long Phú Sỹ vàng 100g,"Đồ Ăn, Thức Uống",8938505114583,18,0,70.000,52.000
MR.VIET Good Morning Vietnam - Cà Phê Rang Xay Túi 250g (GM Vietnam - Ground Coffee 250g Bag),"Đồ Ăn, Thức Uống",8938506647882,18,0,180.000,133.000
Móc khóa len cô gái áo dài đeo nón,Len,LEN/MKCGADDN,17,0,100.000,74.000
"Móc khóa len vịt ếch, vịt dâu",Len,LEN/MKVEVD,17,0,80.000,59.000
Xì gà LOTUS NO 2 (hộp sắt màu vàng),"Xì Gà, Thuốc Lá",8936031834234,17,0,850.000,630.000
Xì gà Lotus MINI NO 2 (hộp sắt màu đen),"Xì Gà, Thuốc Lá",8936031835897,17,0,250.000,185.000
Đèn lồng tỏi 30cm,Đèn lồng,DL/TOI/30,17,0,150.000,111.000
Bánh dừa nướng TopCoco HAPI gói 150g,"Đồ Ăn, Thức Uống",8938544489062,16,0,30.000,22.000
Rượu táo mèo yên bái 19% 100ml,Rượu,8938528985894,16,0,150.000,111.000
Bát sơn mài (bát gỗ),Hàng Sơn Mài,SM/BAT,16,0,70.000,52.000
Gác đũa HB sen,Hàng Gốm Sứ,HB/GD/SEN,16,0,35.000,26.000
Xì gà Lotus Victory ( hộp giấy 5 điếu ),"Xì Gà, Thuốc Lá",8936031840556,16,0,1.200.000,889.000
Đèn lồng tỏi 45cm,Đèn lồng,DL/TOI/45,16,0,200.000,148.000
"Sổ nhỏ ( vuông,hcn)",Thủ công mỹ nghệ,KG/SO/VCN,15,0,30.000,22.000
Cặp tóc len,Len,LEN/CT,15,0,20.000,15.000
Túi vải canvas in phong cảnh KT: 28x34,"Túi xách, Làn, Ví",TV/CANVAS/PC/28X34,15,0,150.000,111.000
Khay muối vuông HB,Hàng Gốm Sứ,HB/KHM/V,15,0,30.000,22.000
Đèn lồng tròn 45cm,Đèn lồng,DL/TRON/45,15,0,200.000,148.000
MR.VIET Cà Phê Hương Chồn- Cà Phê Hạt Rang (MR.VIET Chon- Roasted Coffee Beans) 250g,"Đồ Ăn, Thức Uống",8936135432954,15,0,220.000,163.000
Lót ly Sơn mài,Hàng Sơn Mài,SM/LOTLY,15,0,200.000,148.000
Rượu chanh leo đà lạt 19% 100ml,Rượu,8938528985870,14,0,150.000,111.000
Túi Canvas phong cảnh 32x35cm,"Túi xách, Làn, Ví",CLY/TCVS,14,0,150.000,111.000
Rượu gái mèo 100ml,Rượu,8938528985504,14,0,150.000,111.000
Kẹo Hải Hà cứng nhân Dâu gói 80g,"Đồ Ăn, Thức Uống",8936007390603,14,0,10.000,7.000
Gác rượu trứng,Hàng Sơn Mài,SM/GRU/TR,14,0,180.000,133.000
Quần áo dài đẹp,Quần Áo,CLY/QD,14,0,180.000,133.000
Đèn lồng tỏi 40cm,Đèn lồng,DL/TOI/40,14,0,150.000,111.000
Sầu riêng sấy lạnh Vinamit 60g,"Đồ Ăn, Thức Uống",8934743572178,14,0,100.000,74.000
Mr.Viet Hazelnut- Drip Bag Coffee 100g (MR.VIET Cà Phê Hương Hạt Dẻ- Cà Phê Phin Giấy 100g),"Đồ Ăn, Thức Uống",8936135432855,14,0,160.000,119.000
Mr.Viet Arabica- Drip Bag Coffee 100g (MR.VIET Cà Phê Arabica- Cà Phê Phin Giấy 100g),"Đồ Ăn, Thức Uống",8936135432862,14,0,160.000,119.000
Rượu xí muội 19% 100ml,Rượu,8938528985900,13,0,150.000,111.000
Côc HB vẽ,Hàng Gốm Sứ,C/HB/VE,13,0,80.000,59.000
Túi mề gà thêu 16x27,"Túi xách, Làn, Ví",CLY/TMG1627,13,0,100.000,74.000
Tranh sơn mài vuông cong 20x20,Hàng Sơn Mài,SM/TR/VC20,13,0,250.000,185.000
Xì gà LOTUS NO 1 (hộp giấy 5 điếu nâu),"Xì Gà, Thuốc Lá",XG/N/NO1,13,0,650.000,481.000
Đèn lồng tròn 20cm,Đèn lồng,DL/TRON/20,13,0,100.000,74.000
Hoa Đậu Biếc,"Đồ Ăn, Thức Uống",HOA/DB,13,0,50.000,37.000
Túi trống phi 20,"Túi xách, Làn, Ví",T/TRONG/20,13,0,200.000,148.000
Trà quế túi lọc Cộng (2gr x20),"Đồ Ăn, Thức Uống",CPC/TQ/L,13,0,80.000,59.000
MR.VIET Cà phê đen Americano (MR.VIET Americano Coffee),"Đồ Ăn, Thức Uống",8936135430202,13,0,120.000,89.000
Mr.Viet Chon- Drip Bag Coffee 100g (MR.VIET Cà Phê Hương Chồn- Cà Phê Phin Giấy 100g),"Đồ Ăn, Thức Uống",8936135432879,13,0,170.000,126.000
Bát gáo dừa đồng quê đỏ,Hàng Sơn Mài,SM/BGD/DQD,13,0,50.000,37.000
Hộp phấn sơn mài phi 6,Hàng Sơn Mài,SM/PHAN/6,13,0,70.000,52.000
Rượu chanh giấy miền tây 19% 100ml,Rượu,8938528985863,12,0,150.000,111.000
Rượu cô chanh 100ml,Rượu,8938528985474,12,0,150.000,111.000
Đĩa muối HB,Hàng Gốm Sứ,HB/DMU,12,0,40.000,30.000
Đĩa muối HB sen,Hàng Gốm Sứ,HB/DMU/SEN,12,0,40.000,30.000
Thìa cơm trâu sen,Hàng Gốm Sứ,THC/TS,12,0,30.000,22.000
Trà hoa cúc (gói),"Đồ Ăn, Thức Uống",TRA/HC,12,0,50.000,37.000
Bộ AC lõm quai mây,Hàng Gốm Sứ,TACTN01,12,0,250.000,185.000
Xì gà LOTUS NO 1 (hộp giấy 5 điếu vàng),"Xì Gà, Thuốc Lá",XG/V/NO1,12,0,650.000,481.000
CAPHE MOKA GÓI 200G,"Đồ Ăn, Thức Uống",CP/M/200G,12,0,140.000,104.000
Đèn lồng tròn 30cm,Đèn lồng,DL/TRON/30,12,0,150.000,111.000
Đĩa kê cốc CF xanh lá,Hàng Gốm Sứ,DCF/XL,12,0,20.000,15.000
Đèn lồng tỏi 35cm,Đèn lồng,DL/TOI/35,12,0,150.000,111.000
Cốc cà phê cao hoả biến,Hàng Gốm Sứ,T/CFTM/H/HB,12,0,120.000,89.000
Chân kê đĩa gỗ 18cm,Thủ công mỹ nghệ,CKD/18,12,0,50.000,37.000
Hộp trang sức SM hình chữ nhật KT 14x24,Hàng Sơn Mài,SM/HTS/14x24,12,0,500.000,370.000
Cam Sơn mài phi 16,Hàng Sơn Mài,SM/CAM16,12,0,200.000,148.000
Rượu quất hồng bì 100ml,Rượu,4938522985955,11,0,150.000,111.000
Capybara cầm cờ Việt Nam,Len,LEN/CPBARACCVN,11,0,150.000,111.000
Móc khóa len gấu đeo cờ size to,Len,LEN/MKGDC/T,11,0,100.000,74.000
Kẹo Hải Hà Chew sầu riêng gói 90g,"Đồ Ăn, Thức Uống",8934595060434,11,0,15.000,11.000
Cốc ngọc trai,Hàng Gốm Sứ,C/NT,11,0,80.000,59.000
Nón lụa vẽ nổi F43,"Nón, Nón treo",NLVN/43,11,0,500.000,370.000
Xì gà Lotus Short ( hộp giấy 10 điếu),"Xì Gà, Thuốc Lá",8936031841195,11,0,450.000,333.000
Bát gáo dừa hoa sen đỏ,Hàng Sơn Mài,SM/BGD/SEN/D,11,0,50.000,37.000
Cốc lọc trà nắp màu,Hàng Gốm Sứ,CLTM02/5M,11,0,100.000,74.000
Đèn lồng tròn 35cm,Đèn lồng,DL/TRON/35,11,0,150.000,111.000
Hạt điều gói 500g,"Đồ Ăn, Thức Uống",H/DIEU/G/500G,11,0,125.000,93.000
Khay tre hcn 22x35x3,"Khay tre, khảm trai, gỗ",KTHCN/22X35X3,11,0,140.000,104.000
Túi cói đeo vai KT: 21x31,"Túi xách, Làn, Ví",TCDV/21X31,11,0,200.000,148.000
Mít sấy vinamit MP gói 100g,"Đồ Ăn, Thức Uống",8934743042909,11,0,50.000,37.000
Xì gà HANOS - HNC56 ( ống nhôm 1 điếu),"Xì Gà, Thuốc Lá",XIGA/HNC56,11,0,900.000,667.000
Bát tre gắn trai,Hàng Sơn Mài,SM/BATTRE,11,0,70.000,52.000
Tranh sơn mài vuông 20x20,Hàng Sơn Mài,SM/TR/V20,11,0,250.000,185.000
Ví thổ cẩm hình cú khóa chuông KT 22x13,"Túi xách, Làn, Ví",TC/VHCKC/22X13,10,0,100.000,74.000
Rượu mận máu Hoàng Su Phì 100ml,Rượu,8938528985917,10,0,150.000,111.000
Túi mây hình chữ nhật thảm trai,"Túi xách, Làn, Ví",TMHCNTT,10,0,240.000,178.000
Thước len mix các loại,Len,LEN/TMCL,10,0,60.000,44.000
Tranh đĩa tròn sơn mài cong phi 20,Hàng Sơn Mài,SM/TR/DTC20,10,0,250.000,185.000
Bát cơm men kem CL,Hàng Gốm Sứ,T/BC/MK,10,0,40.000,30.000
Khay vuông gắn trai có tay cầm KT:30cm,"Khay tre, khảm trai, gỗ",KVGTCTC/30,10,0,220.000,163.000
Thuốc lá bao Lotus Slim- NĐ,"Xì Gà, Thuốc Lá",8936031838799,10,0,20.000,15.000
Bộ trà nhỏ 4C,Hàng Gốm Sứ,TACTN04,10,0,200.000,148.000
Chén Sake HB sen,Hàng Gốm Sứ,SAKE/C/HB/SEN,10,0,30.000,22.000
Làn nhựa cỡ M KT: 25-39cm,"Túi xách, Làn, Ví",LN/M/25-39,10,0,250.000,185.000
Bát gáo dừa hoa sen vàng,Hàng Sơn Mài,SM/BGD/SEN/V,10,0,50.000,37.000
Hộp Phấn sơn mài phi 8,Hàng Sơn Mài,SM/PHAN/8,10,0,80.000,59.000
Đèn lồng tròn 10cm,Đèn lồng,DL/TRON/10,10,0,50.000,37.000
Trà Matcha tam đường 100g,"Đồ Ăn, Thức Uống",8936095570307,10,0,150.000,111.000
Túi xách thổ cẩm quai gỗ KT: 34x30,"Túi xách, Làn, Ví",TC/TXQG/34X30,10,0,100.000,74.000
Mít sấy vinamit MP gói 210g,"Đồ Ăn, Thức Uống",8934743012131,10,0,110.000,81.000
Trà xanh túi lọc Cộng (2gr x20),"Đồ Ăn, Thức Uống",CPC/TX/L,10,0,80.000,59.000
Trà hoa Lài túi lọc Star Kitchen,"Đồ Ăn, Thức Uống",8938532872555,10,0,110.000,81.000
MR.VIET Cà Phê Hòa Tan 2 trong 1 (MR.VIET 2 in 1 Instant Coffee),"Đồ Ăn, Thức Uống",8936135430219,10,0,120.000,89.000
Bình phu thê SM cỡ trung,Hàng Sơn Mài,SM/VC/M,10,0,500.000,370.000
Kẹo chew nho đen Hải Hà 90G,"Đồ Ăn, Thức Uống",8934595060472,9,0,10.000,7.000
Móc khóa len mix đội nón,Len,LEN/MKMDN,9,0,50.000,37.000
Đĩa mặt trời S2 vẽ hoa CL,Hàng Gốm Sứ,ADMT01,9,0,150.000,111.000
Ví lụa thêu hoa 12x19,"Túi xách, Làn, Ví",CLY/VI1219,9,0,50.000,37.000
Kẹo Hải Hà nhân Dứa gói 80g,"Đồ Ăn, Thức Uống",8936007390580,9,0,10.000,7.000
Gác thìa HB sen,Hàng Gốm Sứ,HB/GTH/SEN,9,0,35.000,26.000
Xì gà Lotus MINI NO 2 (hộp sắt màu nâu),"Xì Gà, Thuốc Lá",8936031835910,9,0,250.000,185.000
Cốc bộ độc ẩm vẽ cl,Hàng Gốm Sứ,T/C/1M/CL,9,0,100.000,74.000
Lót ly gắn trai,Hàng Sơn Mài,SM/LOTLY01,9,0,170.000,126.000
Ví thổ cẩm cầm tay nắp lượn,"Túi xách, Làn, Ví",TC/VI/NL12X20,9,0,50.000,37.000
Cốc C phong cảnh HN,Hàng Gốm Sứ,COCC03,9,0,80.000,59.000
Bánh đậu xanh Hòa An hộp 100g,"Đồ Ăn, Thức Uống",8938539983049,9,0,15.000,11.000
Hạt macca lọ 500g,"Đồ Ăn, Thức Uống",H/MACCA/500G,9,0,130.000,96.000
Đĩa kê cốc CF đỏ,Hàng Gốm Sứ,DCF/D,9,0,20.000,15.000
Đĩa kê cốc cf nâu,Hàng Gốm Sứ,DCF/N,9,0,20.000,15.000
Khay tre hcn 25x38x3,"Khay tre, khảm trai, gỗ",KTHCN/25X38X3,9,0,150.000,111.000
Giá đũa,Đũa,TDTMV80,9,0,100.000,74.000
Hít vỉ 3 tem vàng,Thủ công mỹ nghệ,HV3TV,9,0,60.000,44.000
Bát gáo dừa cô gái vàng,Hàng Sơn Mài,SM/BGD/GAI/V,9,0,50.000,37.000
Bát gáo dừa đồng quê xanh dương,Hàng Sơn Mài,SM/BGD/DQXD,9,0,50.000,37.000
Bát gáo dừa đồng quê vàng,Hàng Sơn Mài,SM/BGD/DQV,9,0,50.000,37.000
Nón Huế vẽ hoa sen phi 40,"Nón, Nón treo",NHVHS/40,9,0,100.000,74.000
Nón trẻ em vẽ phi 34,"Nón, Nón treo",NTEV/34,9,0,80.000,59.000
Khay tròn thảm gỗ có quai KT phi 22,"Khay tre, khảm trai, gỗ",KTTGCQ/22,9,0,120.000,89.000
Cam Sơn mài phi 11,Hàng Sơn Mài,SM/CAM11,9,0,110.000,81.000
TRÀ HOA NHÀI (LỌ),"Đồ Ăn, Thức Uống",TRA/HNHAI,8,0,60.000,44.000
Chóe mini vẽ các loại,Hàng Gốm Sứ,ACH05,8,0,300.000,222.000
Rượu Kim Quất 100ml,Rượu,8938528985887,8,0,150.000,111.000
Rượu Mơ Yên Tử 250ml 19%,Rượu,8936105590158,8,0,200.000,148.000
Rượu mùa Hà Nội 100ml,Rượu,8938528985665,8,0,150.000,111.000
Kẹo Hải Hà cứng nhân xoài gói 80g,"Đồ Ăn, Thức Uống",KHH/CU/X/80G,8,0,10.000,7.000
Móc khóa len đeo ảnh Hà Nội,Len,LEN/MKDAHN,8,0,60.000,44.000
Móc khóa len nón cờ,Len,LEN/MKNC,8,0,50.000,37.000
Móc khóa len mochi,Len,LEN/MKMOCHI,8,0,50.000,37.000
Con Trai Sơn Mài,Hàng Sơn Mài,SM/CONTRAI,8,0,300.000,222.000
Làn cói (các màu),"Túi xách, Làn, Ví",CLY/MAU,8,0,170.000,126.000
Kẹo Hải Hà Jelly hương nho gói 100g,"Đồ Ăn, Thức Uống",8934595063169,8,0,20.000,15.000
Kẹo Hải Hà chew khoai môn gói 90g,"Đồ Ăn, Thức Uống",8934595060526,8,0,10.000,7.000
Đĩa F14 men kem,Hàng Gốm Sứ,T/D14/MK,8,0,50.000,37.000
Thìa cơm hỏa biến,Hàng Gốm Sứ,THC/HB,8,0,30.000,22.000
Xì gà Vinaboss's 55 (ống nhôm 1 điếu),"Xì Gà, Thuốc Lá",XG/VNB/55,8,0,550.000,407.000
Ấm bộ độc ẩm vẽ cl,Hàng Gốm Sứ,T/AM/1M/CL,8,0,150.000,111.000
Cà phê Arabica gói 500g,"Đồ Ăn, Thức Uống",CP/A/500G,8,0,320.000,237.000
Cà phê Culi 500g,"Đồ Ăn, Thức Uống",CP/C/500G,8,0,300.000,222.000
Túi xách cúc dừa thổ cẩm KT: 33x22,"Túi xách, Làn, Ví",TC/TXCD/33x22,8,0,150.000,111.000
Ví thổ cẩm thêu,"Túi xách, Làn, Ví",VGTC,8,0,200.000,148.000
Cà phê túi lọc Độc Lập,"Đồ Ăn, Thức Uống",CPC/CF/DL/L,8,0,90.000,67.000
Cà phê túi lọc Tự Do,"Đồ Ăn, Thức Uống",CPC/CF/TD/L,8,0,100.000,74.000
Cà phê túi lọc phở Việt Nam,"Đồ Ăn, Thức Uống",CPC/CF/PVN/L,8,0,100.000,74.000
MR.VIET Cà Phê Hương Hạt Dẻ - Cà Phê Rang Xay Túi 250g (MR.VIET Hazelnut - Ground Coffee 250g Bag),"Đồ Ăn, Thức Uống",8936135430738,8,0,160.000,119.000
MR.VIET Arabica - Cà Phê Hạt Rang Túi 250g (MR.VIET Arabica - Roasted Coffee Beans 250g Bag),"Đồ Ăn, Thức Uống",8936135430264,8,0,220.000,163.000
Quýt sơn mài phi 6,Hàng Sơn Mài,SM/QUYT6,8,0,80.000,59.000
Khay vuông gắn trai có tay cầm KT: 35cm,"Khay tre, khảm trai, gỗ",KVGTCTC/35,8,0,280.000,207.000
Khay tròn gắn trai KT: phi 28,"Khay tre, khảm trai, gỗ",KTGT/28,8,0,220.000,163.000
Kẹo xoài xanh bóc vỏ Vietthai 255g,"Đồ Ăn, Thức Uống",8936029721850,7,0,35.000,26.000
Rượu mơ má đào Mộc Châu 100ml,Rượu,8938528985931,7,0,150.000,111.000
bát chiết yêu F11 vẽ CL,Hàng Gốm Sứ,TBCTL04.1,7,0,60.000,44.000
Túi rút lụa thêu hoa 19x19,"Túi xách, Làn, Ví",CLY/TT19,7,0,70.000,52.000
Cốc lúa mạch có quai,Hàng Gốm Sứ,CLM02,7,0,80.000,59.000
Xoài sấy dẻo muối ớt lọ 500g,"Đồ Ăn, Thức Uống",XSD/MO/L/500G,7,0,120.000,89.000
Gác thìa hỏa biến,Hàng Gốm Sứ,HB/GTH,7,0,30.000,22.000
Cốc ngọc trai có quai,Hàng Gốm Sứ,C/NT/Q,7,0,90.000,67.000
Bộ áo dài cờ đỏ sao vàng,Quần Áo,CLY/AD/CDSV,7,0,450.000,333.000
Bát mắm hỏa biến,Hàng Gốm Sứ,HB/BMM,7,0,40.000,30.000
"Trà tôm nõn gói nhỏ (đỏ,vàng)","Đồ Ăn, Thức Uống",TRA/TN/S,7,0,40.000,30.000
Thìa cơm hỏa biến sen,Hàng Gốm Sứ,THC/HB/SEN,7,0,35.000,26.000
Tranh đĩa F24 vẽ băng hoa,Hàng Gốm Sứ,ATDF24/04,7,0,1.500.000,1.111.000
Trà sen,"Đồ Ăn, Thức Uống",TRASEN,7,0,350.000,259.000
Cà phê Arabica đã xay gói 200g,"Đồ Ăn, Thức Uống",CP/A/DX/200G,7,0,140.000,104.000
Xì gà LOTUS CLUB (10 điếu/bao),"Xì Gà, Thuốc Lá",8936031835552,7,0,300.000,222.000
Xì gà Vinaboss's 60 (ống nhôm 1 điếu),"Xì Gà, Thuốc Lá",XG/VNB/60,7,0,650.000,481.000
Cà phê mix A+C+R 500g,"Đồ Ăn, Thức Uống",CP/ACR/500G,7,0,320.000,237.000
Set 5 chai Miss Saigon Elegance 15ml,Nước Hoa,8934662176150,7,0,1.150.000,852.000
phin cà phê màu hồng cánh sen phi 7,Phin CF,PCP/HCS/7,7,24.000,120.000,89.000
Nước hoa Miss VietNam N31 Sứ màu Sài Gòn 35ml,Nước Hoa,8934662133313,7,0,1.300.000,963.000
Trà ô long Phú Sỹ 100g ( màu đỏ),"Đồ Ăn, Thức Uống",8938505114491,7,0,100.000,74.000
Tranh bìa,Thủ công mỹ nghệ,KG05,7,0,40.000,30.000
Bình nu gỗ SM 11cm,Hàng Sơn Mài,SM/BNG/11,7,0,120.000,89.000
Cà phê phin giấy Hạnh Phúc,"Đồ Ăn, Thức Uống",CPC/CF/HP/F,7,0,140.000,104.000
Cà phê túi lọc Hạnh Phúc,"Đồ Ăn, Thức Uống",CPC/CF/HP/L,7,0,100.000,74.000
Trà phê túi lọc Cộng (2gr x20),"Đồ Ăn, Thức Uống",CPC/TP/L,7,0,80.000,59.000
Trà nhài túi lọc 2x20,"Đồ Ăn, Thức Uống",CPC/TN/L,7,0,100.000,74.000
Trà sen Star Kitchen,"Đồ Ăn, Thức Uống",8938532872562,7,0,110.000,81.000
Nón Huế thêu hoa phi 40,"Nón, Nón treo",NHTH/40,7,0,100.000,74.000
Nón Huế trơn phi 40,"Nón, Nón treo",NHT/40,7,0,80.000,59.000
Hộp trang sức SM HCN KT 12x20,Hàng Sơn Mài,SM/HTS/12x20,7,0,400.000,296.000
Socola đen Bà Rịa 76% Marou 24g,"Đồ Ăn, Thức Uống",8938505214146,6,0,75.000,56.000
Chén và đĩa thủy tinh của BAPT,"Giá Kệ, Công cụ, Dụng Cụ",CDTT/17.1,6,0,50.000,37.000
Gấu len chân ngắn đeo cờ Việt Nam,Len,LEN/GCNDCVN,6,0,200.000,148.000
Túi mề gà thêu12x20,"Túi xách, Làn, Ví",CLY/TMG1220,6,0,70.000,52.000
Túi mề gà thêu 14x24,"Túi xách, Làn, Ví",CLY/TMG1424,6,0,80.000,59.000
Thìa Sup gỗ 22.5cm,"Đồ Ăn, Thức Uống",GO/SUP22.5,6,0,30.000,22.000
Kẹo Hải Hà cứng nhân cam gói 80g,"Đồ Ăn, Thức Uống",8936007390610,6,0,10.000,7.000
Bát mắm trâu sen,Hàng Gốm Sứ,TS/BMM,6,0,30.000,22.000
Cà phê Robusta Honey gói 500g,"Đồ Ăn, Thức Uống",CP/RH/500G,6,0,300.000,222.000
Phin cà phê màu cam phi 7,Phin CF,PCP/CAM/7,6,0,120.000,89.000
NÓN DÂY TRƠN BỘ 7 CÁI,"Nón, Nón treo",NDT/7,6,0,150.000,111.000
Bộ ac in men HB các màu,Hàng Gốm Sứ,AAC0020,6,0,1.200.000,889.000
Túi cỏ bàng vẽ,"Túi xách, Làn, Ví",TCBV,6,0,300.000,222.000
Nước hoa Miss SaiGon Elegance Amethyst N1 (Màu tím) 50ml,Nước Hoa,8934662176013,6,0,720.000,533.000
Nước hoa Miss SaiGon Elegance Sapphire N2 (Màu xanh dương) 50ml,Nước Hoa,8934662176020,6,0,720.000,533.000
Nước hoa Miss SaiGon Elegance Amber N5 (Màu cam) 50ml,Nước Hoa,8934662176051,6,0,720.000,533.000
Khay tròn gắn trai KT: phi 24,"Khay tre, khảm trai, gỗ",KTGT/24,6,0,200.000,148.000
Đèn lồng tỏi 20cm,Đèn lồng,DL/TOI/20,6,0,100.000,74.000
Đèn lồng tỏi 10cm,Đèn lồng,DL/TOI/10,6,0,50.000,37.000
Quế sáo,"Đồ Ăn, Thức Uống",QSAO,6,0,100.000,74.000
Đĩa kê cốc CF vàng,Hàng Gốm Sứ,DCF/V,6,0,20.000,15.000
Bộ AC hoả biến xanh các loại,Hàng Gốm Sứ,T/AC/XD/CL,6,0,1.200.000,889.000
Bình na gỗ SM 10cm,Hàng Sơn Mài,SM/BNAG/10,6,0,120.000,89.000
Cắm bút gỗ SM 11cm,Hàng Sơn Mài,SM/CBG/11,6,0,120.000,89.000
Bình chai gỗ SM 20cm,Hàng Sơn Mài,SM/BCG/20,6,0,120.000,89.000
Khoai lang sấy Vinamit 250g,"Đồ Ăn, Thức Uống",8934743022925,6,0,65.000,48.000
Cà phê hòa tan G7 3in1 hộp dẹt 336g/ 21 gói,"Đồ Ăn, Thức Uống",8935024123287,6,0,80.000,59.000
Cà phê hòa tan G7 3in1 50 gói / bịch 800g,"Đồ Ăn, Thức Uống",8935024129357,6,0,190.000,141.000
Trà I Wish You 10 (I Wish You 10 Loose Leaf Tea),"Đồ Ăn, Thức Uống",8938506647394,6,0,200.000,148.000
Đèn lồng tre size L,Đèn lồng,DL/TRE/L,6,0,300.000,222.000
Lọ ly sơn mài 30,Hàng Sơn Mài,SM/LY30,6,0,200.000,148.000
Rượu Lúa Mới 40% 100ml (Hà Nội Opera House),Rượu,8934591007198,5,0,125.000,93.000
Rượu Vodka Hà Nội 40% 100ml (Hoàn Kiếm Lake),Rượu,8934591007181,5,0,125.000,93.000
Rượu Nếp Mới 40% 100ml (Khuê Văn Các ),Rượu,8934591007204,5,0,125.000,93.000
Mẹt F30 vẽ phong cảnh cl,Thủ công mỹ nghệ,TMET3001,5,0,600.000,444.000
Kẹo xoài Úc bóc vỏ Vietthai 255g,"Đồ Ăn, Thức Uống",8936029721980,5,0,35.000,26.000
Cà phê Cộng Bạc xỉu hòa tan 12 Stick,"Đồ Ăn, Thức Uống",8938531133640,5,0,85.000,63.000
Bình Sơn mài ống chỉ,Hàng Sơn Mài,SM/BOCHI,5,0,200.000,148.000
Socola đen Đồng Nai 72% Marou 24g,"Đồ Ăn, Thức Uống",8938505214245,5,0,75.000,56.000
Socola cà phê sữa VN 44% Marou 24g,"Đồ Ăn, Thức Uống",8938505214290,5,0,80.000,59.000
Rượu dâu tằm hoa nhài 100ml,Rượu,8938528985337,5,0,150.000,111.000
Hộp cacao sữa Heyday,"Đồ Ăn, Thức Uống",8938512644417,5,0,105.000,78.000
Tranh sơn mài vuông 15x15,Hàng Sơn Mài,SM/TR/V15,5,0,200.000,148.000
Tranh đĩa tròn Sơn mài cong phi 15,Hàng Sơn Mài,SM/TR/DTC15,5,0,200.000,148.000
bát cơm vẽ sen,Hàng Gốm Sứ,T/BC/SEN,5,0,50.000,37.000
Cà phê Robusta mix Arabica đã xay gói 200g,"Đồ Ăn, Thức Uống",CP/R/A/DX/200G,5,0,140.000,104.000
Bình thọ gỗ vuốt 18cm,Hàng Sơn Mài,SM/BTGV/18,5,0,150.000,111.000
Kẹp sách giấy gió,Thủ công mỹ nghệ,KSGG,5,0,15.000,11.000
Nước hoa Miss Saigon Elegance (màu đỏ) 50ml,Nước Hoa,8934662176204,5,0,720.000,533.000
Đĩa F15 HB sen,Hàng Gốm Sứ,HB/D/F15/S,5,0,150.000,111.000
Khay muối vuông trâu sen,Hàng Gốm Sứ,TS/KHM/V,5,0,40.000,30.000
Bộ AC Giang Tây hỏa biến,Hàng Gốm Sứ,TAC/HB03,5,0,1.200.000,889.000
Cam sơn mài phi 14,Hàng Sơn Mài,SM/CAM14,5,0,160.000,119.000
Trà xanh hoa nhài đóng lọ,"Đồ Ăn, Thức Uống",TRA/HN/LO,5,0,150.000,111.000
HẠT TIÊU ĐỎ,"Đồ Ăn, Thức Uống",HTIEU/DO,5,0,60.000,44.000
Nụ hoa tam thất,"Đồ Ăn, Thức Uống",NU/HTT,5,0,100.000,74.000
Cà phê mix A+C+R gói 200g,"Đồ Ăn, Thức Uống",CP/ACR/200G,5,0,140.000,104.000
Cà phê Moka 500g,"Đồ Ăn, Thức Uống",CP/M/500G,5,0,350.000,259.000
Phin cà phê màu xanh lá phi 7,Phin CF,PCP/XL/7,5,20.000,120.000,89.000
Lót ly sơn mài tròn,Hàng Sơn Mài,SM/LOTLY/TR,5,0,200.000,148.000
Nước hoa Miss Việt Nam N27 Sứ trắng Sài Gòn 35ml,Nước Hoa,8934662133276,5,0,1.300.000,963.000
Nước hoa Miss Việt Nam N29 Sứ trắng Hà Nội 35ml,Nước Hoa,8934662133290,5,0,1.300.000,963.000
Cốc CF vẽ hoa các loại,Hàng Gốm Sứ,ACOCCF04,5,0,80.000,59.000
Nón cỏ bàng vẽ hoa sen thường phi 41,"Nón, Nón treo",NCBVHST/41,5,0,350.000,259.000
Xì gà HANOS - HNC52 ( ống nhôm 1 điếu),"Xì Gà, Thuốc Lá",XIGA/HNC52,5,0,800.000,593.000
Trà cúc túi lọc Cộng (2gr x20),"Đồ Ăn, Thức Uống",CPC/TC/L,5,0,80.000,59.000
cà phê hòa tan cappuccino hazelnut Trung Nguyên legend 216g 12x18g,"Đồ Ăn, Thức Uống",8935024122129,5,0,90.000,67.000
MR.VIET Cà phê Hòa Tan Dừa 255g (MR.VIET Instant Coffee Coconut 255g),"Đồ Ăn, Thức Uống",8936135433401,5,0,120.000,89.000
MR.VIET Good Morning Vietnam - Cà Phê Hạt Rang Túi 250g (GM Vietnam – Roasted Coffee Beans 250g Bag),"Đồ Ăn, Thức Uống",8936135430271,5,0,200.000,148.000
Đèn lồng tre size M,Đèn lồng,DL/TRE/M,5,0,250.000,185.000
Khay tròn gắn trai KT: phi 22,"Khay tre, khảm trai, gỗ",KTGT/22,5,0,170.000,126.000
Khay tròn gắn trai KT: phi 35,"Khay tre, khảm trai, gỗ",KTGT/35,5,0,280.000,207.000
Rượu cà phê 25% 100ml ( Hạ Long Bay),Rượu,8934591007235,4,0,125.000,93.000
Rượu Thanh Mai 25% 100ml (Huế Citadel),Rượu,8934591007228,4,0,125.000,93.000
Rượu dâu 19.5% 250ml,Rượu,8934591008713,4,0,75.000,56.000
Rượu vải 18% 250ml,Rượu,8934591008690,4,0,75.000,56.000
Cà phê hòa tan dừa Mr Việt 510g,"Đồ Ăn, Thức Uống",8936135434170,4,0,230.000,170.000
Túi cói quai xách đính hoa cúc KT 29x39,"Túi xách, Làn, Ví",TCQX/DHC/29x39,4,0,300.000,222.000
Bình củ Huệ sơn mài 15 cm,Hàng Sơn Mài,SM/L/CHUE/15,4,0,150.000,111.000
Socola đen Tiền Giang 70% Marou 24g,"Đồ Ăn, Thức Uống",8938505214443,4,0,75.000,56.000
Socola đen Lâm Đồng 74% Marou 24g,"Đồ Ăn, Thức Uống",8938505214641,4,0,75.000,56.000
Socola đen bến tre 78% Marou 24g,"Đồ Ăn, Thức Uống",8938505214344,4,0,75.000,56.000
Rượu Thanh Long 530ml,Rượu,8938528985405,4,0,370.000,274.000
Rượu táo mèo yên bái 530ml,Rượu,8938528985009,4,0,370.000,274.000
Khoai môn sấy Vinamit 250g,"Đồ Ăn, Thức Uống",8934743022932,4,0,110.000,81.000
Túi xách thổ cẩm quai gỗ 2 khóa KT 32X32,"Túi xách, Làn, Ví",TC/TXQG2K/32X32,4,0,100.000,74.000
Bình Phu Thê cỡ nhỏ,Hàng Sơn Mài,SM/VC/S,4,0,320.000,237.000
Bình Phu Thê dẹt cỡ nhỏ,Hàng Sơn Mài,S/VC/DET/S,4,0,320.000,237.000
Đĩa F14 vẽ sen xanh lam,Hàng Gốm Sứ,T/DIA/SEN/F14,4,0,50.000,37.000
Đĩa F18 vẽ sen xanh lam,Hàng Gốm Sứ,T/DIA/SEN/F18,4,0,100.000,74.000
Cà phê Vinacafe Special 3 trong 1 hộp 306g,"Đồ Ăn, Thức Uống",8934683010914,4,0,60.000,44.000
Túi xách hoa cúc dừa KT: 22x32,"Túi xách, Làn, Ví",TXHCD/22X32,4,0,100.000,74.000
Tranh sơn mài 15x20,Hàng Sơn Mài,SM/TR/15X20,4,0,250.000,185.000
Khay tròn gắn trai có quai Kt phi 30cm,"Khay tre, khảm trai, gỗ",KTGTCQ/30,4,0,270.000,200.000
4 cánh HB nhỏ sen,Hàng Gốm Sứ,HB/4C/S/SEN,4,0,40.000,30.000
Nón Bắc Bộ trẻ em vẽ cờ đỏ sao vàng phi 34,"Nón, Nón treo",NBBTEV/CDSV/34,4,0,60.000,44.000
Tranh thêu khung bo 24x30,Thủ công mỹ nghệ,SP220425,4,0,120.000,89.000
Thìa cà phê trắng thẳng,Hàng Gốm Sứ,THCF/TR/TH,4,0,10.000,7.000
Đĩa F15 HB,Hàng Gốm Sứ,HB/D/F15,4,0,80.000,59.000
Salat HB CL F18-24,Hàng Gốm Sứ,HB/SALAT/F18-24,4,0,250.000,185.000
Bát tô F16 men kem,Hàng Gốm Sứ,T/BT16/MK,4,0,110.000,81.000
Giỏ mây phi 30,"Túi xách, Làn, Ví",M/GM/F30,4,0,100.000,74.000
Khay chữ nhật gắn trai có quai Kt 33x23,"Khay tre, khảm trai, gỗ",KCNGTCQ/33X23,4,0,200.000,148.000
Cà phê Trung Tín hộp trống gỗ 150gr,"Đồ Ăn, Thức Uống",580011/HT,4,0,300.000,222.000
Khay vuông gắn trai KT: 22cm,"Khay tre, khảm trai, gỗ",KVGT/22,4,0,190.000,141.000
phin cà phê màu xanh da trời f7,Phin CF,PCP/XDT/7,4,0,120.000,89.000
phin cà phê màu đen phi 7,Phin CF,PCP/DEN/7,4,0,120.000,89.000
Nước hoa Miss SaiGon Elegance Ruby N3 (Màu hồng) 50ml,Nước Hoa,8934662176037,4,0,720.000,533.000
Nước hoa Miss SaiGon Elegance Jade N6 (Màu xanh lá cây) 50ml,Nước Hoa,8934662176068,4,0,720.000,533.000
Nước hoa Miss VietNam N32 Sứ màu Huế 35ml,Nước Hoa,8934662133320,4,0,1.300.000,963.000
Tích lộc mini vẽ sen,Hàng Gốm Sứ,ATL18160001,4,0,1.500.000,1.111.000
Bộ AC trâu sen,Hàng Gốm Sứ,AC29/SEN,4,0,500.000,370.000
Thìa cơm sen,Hàng Gốm Sứ,T/TH/SEN,4,0,35.000,26.000
Cốc lọc cà phê cao TM,Hàng Gốm Sứ,CFTM01/H,4,0,120.000,89.000
Phin cà phê màu nâu phi 7,Phin CF,PCP/NAU/7,4,35.000,120.000,89.000
Nấm đông trùng(lọ),"Đồ Ăn, Thức Uống",NAM/DTRUNG,4,0,100.000,74.000
Trà xanh Thái Nguyên hộp đỏ 200g,"Đồ Ăn, Thức Uống",TRA/200G/H/D,4,0,350.000,259.000
Trà xanh Thái Nguyên hộp vàng 200g,"Đồ Ăn, Thức Uống",TRA/200G/H/V,4,0,350.000,259.000
Trà Sencha gói hút chân không gói 200g,"Đồ Ăn, Thức Uống",8936095570512,4,0,120.000,89.000
Sổ tre,Thủ công mỹ nghệ,KG/SO/TRE,4,0,60.000,44.000
Cà phê sữa đá Trung Nguyên legend 225g 9x25g,"Đồ Ăn, Thức Uống",8935024132500,4,0,120.000,89.000
MR.VIET Xoài Sấy Với Sôcôla Sữa & Dừa (MR.VIET Dried Mango Milk Chocolate & Coconut),"Đồ Ăn, Thức Uống",8936135431681,4,0,120.000,89.000
MR.VIET Xoài Sấy Với Matcha & Mắc Ca (MR.VIET Dried Mango Matcha & Macadamia),"Đồ Ăn, Thức Uống",8936135431704,4,0,120.000,89.000
"""Cà phê MR.VIET Real-Strong-Orginal-CàPhê Rang Xay hộp 250g (Real-Strong-Original-Ground 250g)-black""","Đồ Ăn, Thức Uống",8938506647615,4,0,180.000,133.000
Quần áo dài,Quần Áo,CLY/Q,4,0,150.000,111.000
Khay tròn sơn mài hình gà phi 30,Hàng Sơn Mài,SM/KH/TR30,4,0,310.000,230.000
Tranh đĩa tròn Sơn Mài cong phi 25,Hàng Sơn Mài,SM/TR/DTC25,4,0,300.000,222.000
Khay tròn thảm gỗ có quai KT phi 28,"Khay tre, khảm trai, gỗ",KTTGCQ/28,4,0,200.000,148.000
Khay tròn gắn trai KT: phi 30,"Khay tre, khảm trai, gỗ",KTGT/30,4,0,240.000,178.000
Rươu chanh 25% 100ml (Bến Thành Market),Rượu,8934591007211,3,0,125.000,93.000
"Rượu Nàng Mận 25,5% 375ml",Rượu,8938528985634,3,0,300.000,222.000
"Rượu Nàng Mận 25,5% 530ml",Rượu,8938528985597,3,0,400.000,296.000
"Rượu Gái Mèo 25,5% 530ml",Rượu,8938528985610,3,0,400.000,296.000
Rượu mơ Má đào Mộc Châu 19% 530ml,Rượu,5023MC530,3,0,400.000,296.000
Trà Kim Tuyên gói hút chân không 200g,"Đồ Ăn, Thức Uống",8936095570710,3,0,100.000,74.000
Atiso đỏ,"Đồ Ăn, Thức Uống",ATISO,3,0,60.000,44.000
Bình Sơn Mài Mang cá Vầng Trăng nhí 15.5 cm,Hàng Sơn Mài,SM/MCVTRANG/S,3,0,300.000,222.000
Rượu Sông Cái Floral Gin 700ml (45%),Rượu,R/FLORAL/700,3,0,1.500.000,1.111.000
Rượu Sông Cái Dry Gin 700ml (45%),Rượu,8938528319026,3,0,1.350.000,1.000.000
Socola Arabica coffee Lâm Đồng 64% Marou 80g,"Đồ Ăn, Thức Uống",8938505214665,3,0,170.000,126.000
Socola đen Đắc lăk 70% Marou 80g,"Đồ Ăn, Thức Uống",8938505214726,3,0,140.000,104.000
Socola đen Lâm Đồng 74% Marou 80g,"Đồ Ăn, Thức Uống",8938505214634,3,0,140.000,104.000
Socola đen Đồng Nai 72% Marou 80g,"Đồ Ăn, Thức Uống",8938505214238,3,0,140.000,104.000
Socola Mekong Kumquat Tiền Giang 68% Marou 80g,"Đồ Ăn, Thức Uống",8938505214450,3,0,170.000,126.000
Socola Mekong Kumquat Tiền Giang 68% Marou 24g,"Đồ Ăn, Thức Uống",8938505214405,3,0,85.000,63.000
Socola Coconut Milk Bến tre 55% Marou 24g,"Đồ Ăn, Thức Uống",8938505214375,3,0,85.000,63.000
Rượu sim Yên Tử 250ml 24%,Rượu,8936105590103/250,3,0,200.000,148.000
Rượu cô chanh 530ml,Rượu,8938528985603,3,0,370.000,274.000
"Rượu nàng mận 25,5% 100ml",Rượu,8938528985542,3,0,150.000,111.000
Chân kê đĩa gỗ 15cm,Thủ công mỹ nghệ,CKD/15,3,0,40.000,30.000
Bình sơn mài vai vuông,Hàng Sơn Mài,SM/BVAIVUONG,3,0,500.000,370.000
Bình Sơn mài Mang cá Picatso lớn (36cm),Hàng Sơn Mài,SM/MCPICASO/L,3,0,500.000,370.000
Khay chữ nhật gắn trai có quai KT 34X24,"Khay tre, khảm trai, gỗ",KCNGTCQ/34X24,3,0,220.000,163.000
Doremon len,Len,LEN/DOREMON,3,0,220.000,163.000
Móc khóa len vịt đeo chai đội nón,Len,LEN/MKVDCDN,3,0,60.000,44.000
Móc khóa len chó cờ,Len,LEN/MKCC,3,0,60.000,44.000
Bình Mang cá thấp,Hàng Sơn Mài,SM/MCT,3,0,360.000,267.000
Bình Phu Thê dẹt cỡ lớn,Hàng Sơn Mài,SM/VC/DET/L,3,0,400.000,296.000
Đĩa ảo F20 sen xanh lam,Hàng Gốm Sứ,T/D/AO/SEN/20,3,0,150.000,111.000
Đĩa lượn 5 cánh vẽ sen F23,Hàng Gốm Sứ,T/D/5C/SEN/F23,3,0,200.000,148.000
Bát mắm vẽ sen,Hàng Gốm Sứ,T/BM/SEN,3,0,30.000,22.000
Đĩa F20 vẽ sen xanh lam,Hàng Gốm Sứ,T/DIA/SEN/F20,3,0,120.000,89.000
Túi xách đeo vai hoa ô vuông KT: 32x25cm,"Túi xách, Làn, Ví",TXDVHOV/32X25,3,0,100.000,74.000
Khay bầu dục gắn trai có quai Kt 24x37,"Khay tre, khảm trai, gỗ",KBDGTCQ/24X37,3,0,180.000,133.000
trà tâm sen lọ nhỏ,"Đồ Ăn, Thức Uống",TRA/TSEN/N,3,0,200.000,148.000
Trà tôm nõn Thái Nguyên hộp 300g,"Đồ Ăn, Thức Uống",TRA/TN/300G,3,0,600.000,444.000
kẹo Hải Hà chew đậu đỏ gói 90g,"Đồ Ăn, Thức Uống",8934595060496,3,0,10.000,7.000
Nón Bắc Bộ vẽ cờ đỏ sao vàng phi 40,"Nón, Nón treo",NBBV/CDSV/40,3,0,80.000,59.000
Nón cỏ bàng vẽ hoa sen nổi phi 41,"Nón, Nón treo",NCBVHSN/41,3,0,350.000,259.000
Kẹo Hải Hà Chew xốp cốm gói 70g,"Đồ Ăn, Thức Uống",8934595060038,3,0,10.000,7.000
Đĩa F20 HB sen,Hàng Gốm Sứ,HB/D/F20/S,3,0,220.000,163.000
Đĩa F20 Hb,Hàng Gốm Sứ,HB/D/F20,3,0,180.000,133.000
Bát tô F20 men kem,Hàng Gốm Sứ,T/BT20/MK,3,0,150.000,111.000
Đĩa F20 men kem,Hàng Gốm Sứ,T/D20/MK,3,0,90.000,67.000
Đĩa F22 men kem,Hàng Gốm Sứ,T/D22/MK,3,0,110.000,81.000
Đĩa muối trâu sen,Hàng Gốm Sứ,TS/DMU,3,0,30.000,22.000
Cà phê Robusta đã xay gói 200g,"Đồ Ăn, Thức Uống",CP/R/DX/200G,3,0,140.000,104.000
khay bầu dục gắn trai có quai KT: 18x30,"Khay tre, khảm trai, gỗ",KBDGTCQ/18X30,3,0,170.000,126.000
Nón bọc vải lụa 1 mặt phi 43,"Nón, Nón treo",NBVL/1/43,3,0,350.000,259.000
Xì gà LOTUS MINI NO2 (Hộp sắt màu vàng),"Xì Gà, Thuốc Lá",8936031835934,3,0,250.000,185.000
Gạt tàn cú mèo,Hàng Gốm Sứ,AGT0008,3,0,50.000,37.000
Nón dây trơn bộ 5 cái,"Nón, Nón treo",NDT/5,3,0,120.000,89.000
Nón lá sen vẽ phi 41,"Nón, Nón treo",NLSV/41,3,0,500.000,370.000
Nước hoa Miss Việt Nam N28 Sứ trắng Huế 35ml,Nước Hoa,8934662133283,3,0,1.300.000,963.000
Nước hoa Miss VietNam N33 Sứ màu Hà Nội 35ml,Nước Hoa,8934662133337,3,0,1.300.000,963.000
Túi cói quai da KT: 40x44,"Túi xách, Làn, Ví",TCQD/40X44,3,0,260.000,193.000
Tích lộc mini vẽ sen chuồn HB,Hàng Gốm Sứ,ATL1816014,3,0,1.000.000,741.000
Bộ Ac trâu đào,Hàng Gốm Sứ,AC29/DAO,3,0,500.000,370.000
Cốc Lipton,Hàng Gốm Sứ,CTM01,3,0,60.000,44.000
Phin cà phê màu vàng phi 7,Phin CF,PCP/VANG/7,3,"14.285,71",120.000,89.000
Nón Bắc Bộ trơn phi 40,"Nón, Nón treo",NBBT/40,3,0,80.000,59.000
Bánh đậu xanh Hòa An hộp 200g,"Đồ Ăn, Thức Uống",8938539983247,3,0,30.000,22.000
Nón dây bọc vải bộ 10 cái,"Nón, Nón treo",NDBV/10,3,0,600.000,444.000
Set sổ và bút Việt Nam,Thủ công mỹ nghệ,SET/S+B,3,0,100.000,74.000
Túi xách vuông thổ cẩm KT phi 35cm,"Túi xách, Làn, Ví",TC/TXV/35,3,0,150.000,111.000
Trái cây sấy vinamit MP gói 250g,"Đồ Ăn, Thức Uống",8934743022963,3,0,100.000,74.000
Cà phê hòa tan cappuccino coconut Trung Nguyên legend 216g 12x18g,"Đồ Ăn, Thức Uống",8935024170403,3,0,90.000,67.000
Bát gáo dừa cô gái đỏ,Hàng Sơn Mài,SM/BGD/GAI/D,3,0,50.000,37.000
Đèn lồng tre size S,Đèn lồng,DL/TRE/S,3,0,200.000,148.000
Lọ chày sơn mài 30,Hàng Sơn Mài,SM/L/CHAY/30,3,0,200.000,148.000
Bát tô F16 hỏa biến sen CL,Hàng Gốm Sứ,HB/BT/F16/SEN,2,0,250.000,185.000
"Rượu Gái Mèo 25,5% 375ml",Rượu,8938528985658,2,0,300.000,222.000
"Rượu Em Mơ 29,5% 375ml",Rượu,8938528985627,2,0,300.000,222.000
Rượu Mùa cốm 28% 530ml,Rượu,8938528985801,2,0,400.000,296.000
Đĩa lượn 5 cánh vẽ sen F21,Hàng Gốm Sứ,T/D/5C/SEN/F21,2,0,180.000,133.000
Trà hoa nhài lọ,"Đồ Ăn, Thức Uống",TRA/H/LO,2,0,60.000,44.000
Bình Sơn Mài Mang cá mới nhí 18 cm,Hàng Sơn Mài,SM/BMCM/S,2,0,300.000,222.000
Bình A Còng 30 cm,Hàng Sơn Mài,BACONG/30,2,0,600.000,444.000
Trà cung đình hộp màu đỏ G10,"Đồ Ăn, Thức Uống",TCD/H/DO/G10,2,0,200.000,148.000
Rượu Sông Cái Spiced Roselle Flavored Gin 220ml (45%),Rượu,R/SPICED/220,2,0,650.000,481.000
Rượu Sông Cái Spiced Roselle Flavored Gin 700ml (32.5%),Rượu,8938528319064,2,0,1.800.000,1.333.000
Trà cung đình gói màu cam G10 kèm gói KM uống thử,"Đồ Ăn, Thức Uống",8938506776063,2,0,100.000,74.000
Nón Huế vẽ cờ đỏ sao vàng phi 40,"Nón, Nón treo",NHVCDSV/40,2,0,80.000,59.000
Socola đen Bà Rịa 76% Marou 80g,"Đồ Ăn, Thức Uống",8938505214153,2,0,140.000,104.000
Socola coconut milk Bến Tre 55% Marou 80g,"Đồ Ăn, Thức Uống",8938505214368,2,0,170.000,126.000
Socola đen Đăk Lăk 70% Marou 24g,"Đồ Ăn, Thức Uống",8938505214801,2,0,75.000,56.000
Phin pha cà phê K.H Trung Nguyên,Phin CF,PHINCF/KH/TN,2,0,120.000,89.000
cafe hương chồn Wake up 306g,"Đồ Ăn, Thức Uống",8934683007037,2,0,70.000,52.000
Khỉ len chân ngắn,Len,LEN/KCN,2,0,200.000,148.000
Thỏ len dâu,Len,LEN/TD,2,0,200.000,148.000
Thỏ ngọc len,Len,LEN/TN,2,0,400.000,296.000
Móc khóa len Minion,Len,LEN/MKMINION,2,0,100.000,74.000
Lọ Tỏi Sơn Mài 25,Hàng Sơn Mài,SM/L/TOI/25,2,0,200.000,148.000
Bình Sơn Mài vòi công cỡ lớn 39 cm,Hàng Sơn Mài,SM/BVCONG/L/39,2,0,380.000,281.000
Bình Sơn Mài vòi Công cỡ trung 32 cm,Hàng Sơn Mài,SM/BVCONG/M/32,2,0,350.000,259.000
Bình Sơn Mài Vòi Công cỡ nhỏ 27 cm,Hàng Sơn Mài,SM/BVCONG/S/27,2,0,320.000,237.000
Bình Sơn Mài Giọt Nước 31 cm,Hàng Sơn Mài,SM/BGNUOC/31,2,0,320.000,237.000
Bình Sơn Mài Xoăn cỡ lớn,Hàng Sơn Mài,SM/BXOAN/L,2,0,360.000,267.000
Bình Phu Thê dẹt cỡ trung,Hàng Sơn Mài,SM/VC/DET/M,2,0,360.000,267.000
Lọ huệ S2 vẽ sen,Hàng Gốm Sứ,ALH251301,2,0,300.000,222.000
GBA Trà bình minh,"Đồ Ăn, Thức Uống",8935305200782,2,0,200.000,148.000
GBA Trà 54 dân tộc,"Đồ Ăn, Thức Uống",8935305200911,2,0,250.000,185.000
GBA Trà hoa hồng,"Đồ Ăn, Thức Uống",8935305200058,2,0,250.000,185.000
Khay bầu dục gắn trai có quai Kt 20x33,"Khay tre, khảm trai, gỗ",KBDGTCQ/20X33,2,0,170.000,126.000
Xoài sấy dẻo Sao Khuê,"Đồ Ăn, Thức Uống",8938510945240,2,0,50.000,37.000
Kẹo hải hà Jelly trái cây gói 100g,"Đồ Ăn, Thức Uống",8934595063183,2,0,20.000,15.000
Khay chữ nhật gắn trai có quai KT: 36x26,"Khay tre, khảm trai, gỗ",KCNGTCQ/36X26,2,0,220.000,163.000
KHAY NAN HCN 13x18 sen,Hàng Gốm Sứ,HB/KH/NAN1318/S,2,0,250.000,185.000
Bát tô F20 hỏa biến sen CL,Hàng Gốm Sứ,HB/BT/F20/SEN,2,0,350.000,259.000
Bát tô F13-14 hỏa biến sen CL,Hàng Gốm Sứ,HB/BT/F13-14/S,2,0,160.000,119.000
Ấm mắm hoả biến sen,Hàng Gốm Sứ,HBHB/AMM/SEN,2,0,120.000,89.000
Chó S1 Deco,Hàng Gốm Sứ,THHTT02/S1,2,0,100.000,74.000
Mèo cá S1,Hàng Gốm Sứ,THHTT01/S1,2,0,130.000,96.000
Cú lùn S2,Hàng Gốm Sứ,THHTT09/S2,2,0,90.000,67.000
Cú lùn S1,Hàng Gốm Sứ,THHTT09/S1,2,0,130.000,96.000
Bộ khố nam thổ cẩm Tây Nguyên,Quần Áo,BK/NAM/TC/TN,2,0,1.000.000,741.000
Áo già làng Tây Nguyên,Quần Áo,AGL/TN,2,0,1.000.000,741.000
Bát cơm HB,Hàng Gốm Sứ,HB/BC,2,0,70.000,52.000
Đĩa kê ấm của bộ AC TTS siêu hoa,Hàng Gốm Sứ,DIA/TTS/10,2,0,100.000,74.000
Trà đinh gói nhỏ 10gr,"Đồ Ăn, Thức Uống",TRA/DB/10GR,2,0,40.000,30.000
Làn cói có khóa đính quả bông,"Túi xách, Làn, Ví",LC/K/QB,2,0,270.000,200.000
Tranh đĩa F24 vẽ hoa,Hàng Gốm Sứ,ATDF24/05,2,0,1.500.000,1.111.000
Cà phê Trung Tín hộp bột Arabica có phin 250gr,"Đồ Ăn, Thức Uống",580097/P,2,0,200.000,148.000
Lục bình cổ ngắn 1m3 vẽ tứ cảnh vẽ vàng bọc đồng,Hàng Gốm Sứ,BLBV304006BD,2,0,300.000.000,222.222.000
Bộ Ac thờ men kem,Hàng Gốm Sứ,TACHD007,2,0,350.000,259.000
Bộ AC men HB,Hàng Gốm Sứ,AAC088,2,0,1.200.000,889.000
Xì gà Pyramide extra 54,"Xì Gà, Thuốc Lá",8936009053148,2,0,6.500.000,4.815.000
Xì gà LOTUS S (hộp giấy 25 điếu),"Xì Gà, Thuốc Lá",8936031839154,2,0,1.000.000,741.000
CAPHE ROBUSTA MIX ARABICA GÓI 200G,"Đồ Ăn, Thức Uống",CP/R/A/200G,2,0,140.000,104.000
CÀ PHÊ ROBUSTA GÓI 200G,"Đồ Ăn, Thức Uống",CP/R/200G,2,0,140.000,104.000
CAPHE ARABICA GÓI 200G,"Đồ Ăn, Thức Uống",CP/A/200G,2,0,140.000,104.000
Đĩa bộ ac men gấm cl,Hàng Gốm Sứ,T/AC/GAM/CL_DLE,2,0,1.200.000,889.000
Đồ chơi mini,Hàng Gốm Sứ,DOCHOI,2,0,30.000,22.000
phin cà phê màu đỏ phi 7,Phin CF,PCP/DO/7,2,2.560,120.000,89.000
Đĩa rẻ quạt HB sen,Hàng Gốm Sứ,HB/D/QUAT/SEN,2,0,250.000,185.000
Ba lô thổ cẩm to KT: 30x35,"Túi xách, Làn, Ví",TC/BL/30X35,2,0,200.000,148.000
Áo cô màu hồng size M,Quần Áo,AC/H/M,2,0,2.500.000,1.852.000
Cà phê Robusta mix Arabica 500g,"Đồ Ăn, Thức Uống",CP/R/A/500G,2,0,320.000,237.000
Làn nhựa quai da cỡ M KT: 25x39,"Túi xách, Làn, Ví",LNQD/M/25-39,2,0,250.000,185.000
Làn nhựa quai da cỡ trung,"Túi xách, Làn, Ví",LNQD/M,2,62.500,250.000,185.000
Ly có nắp H24 vẽ các loại,Hàng Gốm Sứ,TCOCTL08,2,0,400.000,296.000
"Cốc lúa mạch có nắp,quai",Hàng Gốm Sứ,CLM04,2,0,100.000,74.000
Nón cỏ bàng vẽ hoa thường phi 41,"Nón, Nón treo",NCBVHT/41,2,0,350.000,259.000
Hoa hòe,"Đồ Ăn, Thức Uống",HHOE,2,0,100.000,74.000
Trà hoa cúc (lọ),"Đồ Ăn, Thức Uống",TRA/HCUC,2,0,60.000,44.000
Hạt tiêu đen,"Đồ Ăn, Thức Uống",HTIEU,2,0,60.000,44.000
Cốc vuốt sen HB,Hàng Gốm Sứ,HB/C/V/SEN,2,0,90.000,67.000
Trà xanh Thái Nguyên 100g nhãn xanh 1,"Đồ Ăn, Thức Uống",TRA/100G/X/1,2,60.000,150.000,111.000
Khay đựng mứt SM F28,Hàng Sơn Mài,SM/KHM/F28,2,0,1.000.000,741.000
Kẹp sách giấy xoắn,Thủ công mỹ nghệ,KSGX,2,0,30.000,22.000
Ví thổ cẩm hình cú khoá chuông KT 22x13,"Túi xách, Làn, Ví",TC/VHC,2,0,100.000,74.000
Xì gà HANOS - HNC52 (hộp sơn mài 10 điếu/ hộp),"Xì Gà, Thuốc Lá",8936009052578,2,0,8.000.000,5.926.000
Xì gà Motesco 55 in Lacquer Box (10 điếu/hộp),"Xì Gà, Thuốc Lá",8936009053124,2,0,5.500.000,4.074.000
MR.VIET Cà phê Hòa Tan 3 trong 1 (MR.VIET 3 in 1 Instant Coffee),"Đồ Ăn, Thức Uống",8936135430226,2,0,120.000,89.000
Khay tròn thảm gỗ có quai KT phi 24,"Khay tre, khảm trai, gỗ",KTTGCQ/24,2,0,160.000,119.000
Bộ AC TTS siêu hoa,Hàng Gốm Sứ,TTS10,2,0,2.000.000,1.481.000
BỘ AC TTS SEN CÁ NỔI,Hàng Gốm Sứ,TTS/SC,2,0,2.000.000,1.481.000
Tranh đĩa sen tròn SM cong phi 20,Hàng Sơn Mài,SM/TR/DSTC20,2,0,300.000,222.000
Khay tre tròn KT: phi 35 x 5cm,"Khay tre, khảm trai, gỗ",KTT/35X5,2,0,250.000,185.000
Khay tròn gắn trai có quai KT phi 24cm,"Khay tre, khảm trai, gỗ",KTGTCQ/24,2,0,220.000,163.000
Khay tròn gắn trai có quai KT: phi 28cm,"Khay tre, khảm trai, gỗ",KTGTCQ/28,2,0,250.000,185.000
Bình A còng SM 22 cm,Hàng Sơn Mài,BACONG/22,2,0,500.000,370.000
Cược vỏ Heineken + 24 vỏ chai,"Đồ Ăn, Thức Uống",C/K,1,0,60.000,44.000
Chó len chân ngắn,Len,LEN/CCN,1,0,200.000,148.000
Thỏ len váy thêu hoa,Len,LEN/TVTH,1,0,200.000,148.000
Ngựa len pony sừng ngũ sắc,Len,LEN/NPONYSNS,1,0,300.000,222.000
Thỏ len váy cầu vồng búp bê,Len,LEN/TVCVBB,1,0,200.000,148.000
Kẹo xốp TARO khoai môn Hải Hà 70g,"Đồ Ăn, Thức Uống",8934595060779,1,0,10.000,7.000
Kẹo dẻo xoài vàng bóc vỏ Vietthai 255g,"Đồ Ăn, Thức Uống",8936029721843,1,0,35.000,26.000
Cà phê Cộng sữa hòa tan 12 Stick,"Đồ Ăn, Thức Uống",8938531133633,1,0,70.000,52.000
Bình Sơn mài mang cá lỗ Lớn 34 cm,Hàng Sơn Mài,SM/BMCLL/L,1,0,500.000,370.000
Bình Sơn mài mang cá lỗ Trung 27 cm,Hàng Sơn Mài,SM/BMCLT/M,1,0,420.000,311.000
Thỏ len yếm nam size to,Len,LEN/TYN/TR,1,0,300.000,222.000
Rượu Sông Cái Dry Gin 220ml (45%),Rượu,R/DRYGIN220,1,0,525.000,389.000
Rượu Sông Cái Floral Gin 220ml (45%),Rượu,8938528319996,1,0,600.000,444.000
Trà cung đình gói màu đỏ G10 kèm gói nhỏ KM uống thử,"Đồ Ăn, Thức Uống",89338506776032,1,0,100.000,74.000
Đĩa muối vẽ hoa cl,Hàng Gốm Sứ,ADM03,1,0,30.000,22.000
Bình A còng 17 cm,Hàng Sơn Mài,BACONG/17,1,0,450.000,333.000
Bình Sơn Mài Vầng Trăng đại,Hàng Sơn Mài,SM/BVTRANG/L,1,0,400.000,296.000
Socola đen Tiền Giang 70% Marou 80g,"Đồ Ăn, Thức Uống",8938505214436,1,0,140.000,104.000
Socola cà phê sữa 44% Marou 80g,"Đồ Ăn, Thức Uống",8938505214283,1,0,155.000,115.000
Socola trắng Việt NamVanilla44% Marou 80g,"Đồ Ăn, Thức Uống",8938551295137,1,0,155.000,115.000
Tranh đĩa tròn sơn mài phi 45,Hàng Sơn Mài,SM/TR/DTR/45,1,0,950.000,704.000
Tranh đĩa tròn sơn mài Phố Cổ phi 45,Hàng Sơn Mài,SM/TR/DTRPCO/45,1,0,950.000,704.000
Bộ ấm pha trà thủy tinh gồm bếp và ấm (không chén),"Giá Kệ, Công cụ, Dụng Cụ",BAPT/TT/BA,1,0,500.000,370.000
Tranh đĩa tròn sơn mài PICATSO cong phi 20,Hàng Sơn Mài,SM/TR/DTCPICATSO/20,1,0,250.000,185.000
Bình sơn mài mang cá vầng trăng (26 cm),Hàng Sơn Mài,SM/MCVTRANG,1,0,450.000,333.000
Bình sơn mài xoăn cỡ nhỏ,Hàng Sơn Mài,SM/BXOAN/S,1,0,300.000,222.000
Cafe Wake up Sài Gòn 456g,"Đồ Ăn, Thức Uống",8934683007044,1,0,70.000,52.000
Khay mây thảm trai Seal hình vuông KT 22,"Khay tre, khảm trai, gỗ",KMTT/V/SEAL/22,1,0,190.000,141.000
Khay mây thảm trai Seal hình chữ nhật KT22x11,"Khay tre, khảm trai, gỗ",KM/HCN/S22X11,1,0,150.000,111.000
Khay mây thảm trai hình bầu dục KT 23X33,"Khay tre, khảm trai, gỗ",KMTTHBD/23X33,1,0,180.000,133.000
Khay mây thảm trai hình bầu dục KT 20X30,"Khay tre, khảm trai, gỗ",KMTTHBD/20X30,1,0,170.000,126.000
Khay mây thảm trai hình bầu dục KT 17X27,"Khay tre, khảm trai, gỗ",KMTTHBD/17X27,1,0,160.000,119.000
Khay gắn trai hình chữ nhật KT 15x25,"Khay tre, khảm trai, gỗ",KGTHCN/15x25,1,0,220.000,163.000
Mèo len chân ngắn,Len,LEN/MCN,1,0,200.000,148.000
Pikachu len,Len,LEN/PIKACHU,1,0,220.000,163.000
Búp bê len bạch tuyết,Len,LEN/BBBT,1,0,350.000,259.000
Hươu sọc len size to,Len,LEN/HS/T,1,0,300.000,222.000
Sư tử len không đeo cờ,Len,LEN/STKDC,1,0,200.000,148.000
Móc khóa len Picachu 1 sợi cao cấp,Len,LEN/MKP1SCC,1,0,100.000,74.000
Bình Sơn Mài vòi thẳng cỡ lớn 32 c,Hàng Sơn Mài,SM/BVT/L/32,1,0,400.000,296.000
Bình Sơn Mài vòi thẳng cỡ nhỏ 26 cm,Hàng Sơn Mài,SM/BVT/S/26,1,0,300.000,222.000
Bình Phu Thê nhỏ bụng bầu (Cao 19 cm),Hàng Sơn Mài,SM/VC/BB/S,1,0,500.000,370.000
Bát tô F18 vẽ hoa CL,Hàng Gốm Sứ,AB18/01,1,0,150.000,111.000
GBA trà người phụ nữ nghị lực,"Đồ Ăn, Thức Uống",8935305200874,1,0,220.000,163.000
GBA Trà sáng tạo,"Đồ Ăn, Thức Uống",8935305200041,1,0,210.000,156.000
GBA trà gạo lứt huyết rồng thao thủ công,"Đồ Ăn, Thức Uống",8935305201079,1,0,200.000,148.000
GBA Trà hoa cúc,"Đồ Ăn, Thức Uống",8935305200836,1,0,250.000,185.000
Quế sáo gói,"Đồ Ăn, Thức Uống",QS/G,1,0,50.000,37.000
Bảo bình vẽ cửu long quần tụ vẽ vàng,Hàng Gốm Sứ,BLBBV14767007,1,0,350.000.000,259.259.000
Mèo S2,Hàng Gốm Sứ,THHTT04/S2,1,0,70.000,52.000
Mèo S1,Hàng Gốm Sứ,THHTT04/S1,1,0,120.000,89.000
Chó tai cụp S3,Hàng Gốm Sứ,THHTT12/S3,1,0,50.000,37.000
Đĩa lá hỏa biến sen,Hàng Gốm Sứ,HB/D/LA/SEN,1,0,250.000,185.000
Bát tô F18 hỏa biến sen CL,Hàng Gốm Sứ,HB/BT/F18/SEN,1,0,350.000,259.000
Gạt tàn tròn HB sen CL,Hàng Gốm Sứ,HB/GT/TR/SEN,1,0,150.000,111.000
Đĩa hoa hỏa biến 6 cánh sen,Hàng Gốm Sứ,HB/6C/SEN,1,0,70.000,52.000
Mèo cá S2,Hàng Gốm Sứ,THHTT01/S2,1,0,90.000,67.000
Chó tai cụp S2,Hàng Gốm Sứ,THHTT12/S2,1,0,70.000,52.000
Chó tai cụp S1,Hàng Gốm Sứ,THHTT12/S1,1,0,130.000,96.000
Ngựa S2,Hàng Gốm Sứ,THHTT13/S2,1,0,100.000,74.000
Ngựa S1,Hàng Gốm Sứ,THHTT13/S1,1,0,150.000,111.000
Bộ trang phục nhung đen nữ Tây Nguyên,Quần Áo,BTP/ND/NU/TN,1,0,1.000.000,741.000
Bộ trang phục quấn nữ Tây Nguyên,Quần Áo,BTP/Q/NU/TN,1,0,1.000.000,741.000
Kẹo Hải Hà cứng nhân Socola gói 90g,"Đồ Ăn, Thức Uống",8934595020957,1,0,10.000,7.000
Lọ chè phong cảnh HN vẽ vàng,Hàng Gốm Sứ,ALCV01,1,0,3.000.000,2.222.000
Đĩa F24 trâu sen,Hàng Gốm Sứ,TS/D/F24,1,0,220.000,163.000
Ấm của bộ AC TTS siêu hoa,Hàng Gốm Sứ,AM/TTS/10,1,0,900.000,667.000
Trà xanh shan tuyết A mềnh 4 sao gói 200g,"Đồ Ăn, Thức Uống",8938530964122,1,0,200.000,148.000
Bình trà trâu sen,Hàng Gốm Sứ,TS/TRA,1,0,200.000,148.000
Mật ong bạc hà,"Đồ Ăn, Thức Uống",MOBH,1,0,180.000,133.000
Cốc CF cao nắp màu,Hàng Gốm Sứ,CFTM02/H,1,0,120.000,89.000
ĐỐT TRẦM CÁC LOẠI,Hàng Gốm Sứ,TDTRAMTL01,1,0,80.000,59.000
Bộ AC HB khay tròn miệng nhún,Hàng Gốm Sứ,ACHB/KH/TR,1,0,1.200.000,889.000
Khay tre có quai,"Khay tre, khảm trai, gỗ",KTCQ,1,0,150.000,111.000
Khay vuông gắn trai KT: 26cm,"Khay tre, khảm trai, gỗ",KVGT/26,1,0,210.000,156.000
Trà xanh shan tuyết A mềnh 3 sao gói 200g,"Đồ Ăn, Thức Uống",8938530964139,1,0,100.000,74.000
khay bầu dục gắn trai có quai KT: 20x30,"Khay tre, khảm trai, gỗ",KBDCQ/20X30,1,0,170.000,126.000
Khay tròn gắn trai xếp xoắn F24 cm,"Khay tre, khảm trai, gỗ",KTGTXX/24,1,0,220.000,163.000
Cốc lọc cà phê méo,Hàng Gốm Sứ,CFTM06,1,0,130.000,96.000
Xì gà Vinaboss's Pyramide 52 (hộp gỗ vàng 10 điếu),"Xì Gà, Thuốc Lá",8936009053131,1,0,5.500.000,4.074.000
XÌ GÀ VINABOSS 60 ROBUSTO SUPERMO,"Xì Gà, Thuốc Lá",8936009053155,1,0,6.500.000,4.815.000
Xì gà HANOS - HNC 56 (hộp sợn mài 10 điếu),"Xì Gà, Thuốc Lá",8936009052615,1,0,9.000.000,6.667.000
LỌ LY SM F20,Hàng Sơn Mài,SM/LY20,1,0,150.000,111.000
Khay vuông gỗ màu nâu KT: 20x20,"Khay tre, khảm trai, gỗ",KVG/N/20X20,1,0,150.000,111.000
Set AC và hộp trà vuốt tay,Hàng Gốm Sứ,TDCAC01,1,0,3.000.000,2.222.000
"BỘ ẤM TÍCH 0,75L MEN ĐÁ",Hàng Gốm Sứ,T/TICH/0.75L/MD,1,0,700.000,519.000
Trà hoa nhài,"Đồ Ăn, Thức Uống",TRA/HN,1,0,60.000,44.000
Làn cói to có dây trang trí KT: 38x30x12,"Túi xách, Làn, Ví",MY/LAN/01,1,0,170.000,126.000
Tỏi miệng loe s3 vẽ hoa dây v.v,Hàng Gốm Sứ,ATMLV44320019,1,0,50.000.000,37.037.000
Vò thử men,Hàng Gốm Sứ,VTM01,1,0,1.000.000,741.000
Nụ tam thất,"Đồ Ăn, Thức Uống",NU/TTHAT,1,0,200.000,148.000
Trà Hồng Trà Sin Suối Hồ 100g,"Đồ Ăn, Thức Uống",8936095572417,1,0,150.000,111.000
Táo đỏ,"Đồ Ăn, Thức Uống",TAODO,1,0,70.000,52.000
Trà Hồng trà gói hút chân không 100g,"Đồ Ăn, Thức Uống",8936095576538,1,0,200.000,148.000
Hộp đựng bánh kẹo SM F15,Hàng Sơn Mài,SM/BMK/F15,1,0,1.000.000,741.000
Bình thọ gỗ SM 14cm,Hàng Sơn Mài,SM/BTG/14,1,0,100.000,74.000
Khay mây tre đựng bánh kẹo có nắp KT: F30x9,"Khay tre, khảm trai, gỗ",MY/KH/F30,1,0,400.000,296.000
Túi có quai xách đính hoa cúc KT: 29x39,"Túi xách, Làn, Ví",MY/TUI/03,1,0,300.000,222.000
Túi cói đeo vai miệng tim KT: 20x32,"Túi xách, Làn, Ví",TCDMT,1,0,250.000,185.000
Túi cói quai da đeo vai,"Túi xách, Làn, Ví",TCQDDV,1,0,250.000,185.000
Túi cói quai xách đính hoa KT: 26x20,"Túi xách, Làn, Ví",TCQXDH/26x20,1,0,200.000,148.000
Túi cói vỏ sò,"Túi xách, Làn, Ví",TCVS,1,0,180.000,133.000
Túi cói xách đeo vai buộc nơ KT: 24x 30,"Túi xách, Làn, Ví",TTCXDVBN,1,0,250.000,185.000
Túi thổ cẩm to KT: 40x45,"Túi xách, Làn, Ví",VA/T05,1,0,250.000,185.000
Túi xách thổ cẩm quai xách KT: 15x22,"Túi xách, Làn, Ví",KKT/12.12.23,1,0,200.000,148.000
Ví lụa thêu hoa cầm tay 26x6,"Túi xách, Làn, Ví",TC/VLTH,1,0,200.000,148.000
Ví thổ cẩm các loại,"Túi xách, Làn, Ví",KKV/12.12.23,1,0,120.000,89.000
Cà phê phin giấy Tự Do,"Đồ Ăn, Thức Uống",CPC/CF/TD/F,1,0,140.000,104.000
Trà gừng túi lọc Cộng (2gr x 20),"Đồ Ăn, Thức Uống",CPC/TG/L,1,0,100.000,74.000
Lọ chè decan p/cảnh HN,Hàng Gốm Sứ,ALC03,1,0,500.000,370.000
MR.VIET Xoài Sấy Chín Mọng & Dẻo Ngọt (MR.VIET Dried Mango Ripe & Sweet),"Đồ Ăn, Thức Uống",8936135431650,1,0,100.000,74.000
MR.VIET Cà Phê Hòa Tan Capuccino 4 trong 1 (MR.VIET 4 in1 Instant Coffee Cappuccino),"Đồ Ăn, Thức Uống",8936135430233,1,0,120.000,89.000
MR.VIET Moka - Cà Phê Rang Xay Túi 250g (MR.VIET Moka - Ground Coffee 250g Bag),"Đồ Ăn, Thức Uống",8936135431797,1,0,210.000,156.000
MR.VIET Culi - Cà Phê Rang Xay Túi 250g (MR.VIET Culi - Ground Coffee 250g Bag),"Đồ Ăn, Thức Uống",8936135431780,1,0,160.000,119.000
Đĩa vuông sơn mài cô gái xanh cốm size M,Hàng Sơn Mài,SM/DV/XC/G/M,1,0,110.000,81.000
Đĩa vuông sơn mài cô gái xanh cốm size S,Hàng Sơn Mài,SM/DV/XC/G/S,1,0,100.000,74.000
Đĩa vuông sơn mài hình Gà size S,Hàng Sơn Mài,SM/D/V/GA/S,1,0,100.000,74.000
Tranh sơn mài vuông 30x30,Hàng Sơn Mài,SM/TR/V30,1,0,350.000,259.000
Bình trứng hỏa biến,Hàng Gốm Sứ,HB/EGG,1,0,500.000,370.000
"Bình quả dưa HB (thấp, miệng rộng)",Hàng Gốm Sứ,HB/B/DUA.2,1,0,400.000,296.000
"Bình quả dưa HB (cao, miệng nhỏ)",Hàng Gốm Sứ,HB/B/DUA.1,1,0,600.000,444.000
Đôi cá chép men hỏa biến,Hàng Gốm Sứ,HB/CA1,1,0,600.000,444.000
Vò hoa nổi các màu,Hàng Gốm Sứ,AV1720002,1,0,1.000.000,741.000
Vò S2 hoa nổi,Hàng Gốm Sứ,AV251908,1,0,1.000.000,741.000
Hộp trà TTS,Hàng Gốm Sứ,TTS/TRA,1,0,200.000,148.000
Lọc chè TTS,Hàng Gốm Sứ,TTS/LC,1,0,200.000,148.000
LỌC CHÈ TTS CÁ NỔI,Hàng Gốm Sứ,TTS/LC/CA,1,0,200.000,148.000
LỌ TĂM TTS CÁ NỔI,Hàng Gốm Sứ,TTS/TAM/CA,1,0,150.000,111.000
Bộ AC TTS GT lùn,Hàng Gốm Sứ,TTS/GTAY,1,0,1.800.000,1.333.000
Nón Bắc Bộ trơn trẻ em,"Nón, Nón treo",NBBTTE,1,0,60.000,44.000
Đĩa vuông sơn mài hình Gà size M,Hàng Sơn Mài,SM/D/V/GA/M,1,0,110.000,81.000
Đĩa vuông sơn mài hình Gà size L,Hàng Sơn Mài,SM/D/V/GA/L,1,0,120.000,89.000
Đĩa vuông sơn mài Đồng quê size M,Hàng Sơn Mài,SM/D/V/DQ/M,1,0,110.000,81.000
Đĩa vuông sơn mài Đồng quê size L,Hàng Sơn Mài,SM/D/V/DQ/L,1,0,120.000,89.000
Khay chữ nhật gắn trai KT: 22x33,"Khay tre, khảm trai, gỗ",KCNGT/22X33,1,0,200.000,148.000
Khay vuông gắn trai KT: 25cm,"Khay tre, khảm trai, gỗ",KVGT/25,1,0,200.000,148.000
Khay vuông gắn trai KT: 29cm,"Khay tre, khảm trai, gỗ",KVGT/29,1,0,220.000,163.000
Khay tròn gắn trai có quai KT: phi 22cm,"Khay tre, khảm trai, gỗ",KTGTCQ/22,1,0,180.000,133.000
Bộ AC đỏ son sen vàng,Hàng Gốm Sứ,TACHL031,1,0,500.000,370.000
Bộ AC sao xanh 04,Hàng Gốm Sứ,TACHL021,1,0,800.000,593.000
Bộ AC hồng sa ấm k10,Hàng Gốm Sứ,TACHL009,1,0,1.000.000,741.000
Đĩa F18 hỏa biến sen,Hàng Gốm Sứ,HB/D/F18/S,0,0,180.000,133.000
Két bia chai Heineken 24 x 330ml,"Đồ Ăn, Thức Uống",KET/KEN,0,0,450.000,333.000
Thùng nước khoáng Lavie 500ml x 24 chai,"Đồ Ăn, Thức Uống",18935005801026,0,0,108.000,80.000
Thùng Coca vị nguyên bản 320ml x 24 lon,"Đồ Ăn, Thức Uống",18935049502231,0,0,195.000,144.000
Thùng bia Sài Gòn Lager 330ml x 24 lon,"Đồ Ăn, Thức Uống",18935012413328,0,0,280.000,207.000
Thùng bia Hà Nội 330ml x 24 lon,"Đồ Ăn, Thức Uống",8936000440053,0,0,285.000,211.000
Đĩa kê ấm của bộ AC sen cá nổi,Hàng Gốm Sứ,TTS/SC/DKA,0,0,100.000,74.000
Ấm của bộ AC sen cá nổi,Hàng Gốm Sứ,TTS/SC/AM,0,0,1.000.000,741.000
ĐĨA CHÉN TTS SEN CÁ NỔI,Hàng Gốm Sứ,TTS/SC/DC,0,0,100.000,74.000
CHÉN TTS SEN CÁ NỔI,Hàng Gốm Sứ,TTS/SC/C,0,0,200.000,148.000
Hộp trà TTS sen cá nổi,Hàng Gốm Sứ,TTS/TRA/CA,0,0,200.000,148.000
Rùa len ôm biểu tượng tích cực,Len,LEN/ROBTTC,0,0,60.000,44.000
Cáo len chân ngắn đeo cờ Việt Nam,Len,LEN/CCNDCVN,0,0,200.000,148.000
Cà phê Cộng nâu kem muối hòa tan 12 Stick,"Đồ Ăn, Thức Uống",8935366803458,0,0,85.000,63.000
Cà phê Cộng cốt dừa hòa tan 12 Stick,"Đồ Ăn, Thức Uống",8938531133572,0,0,85.000,63.000
Thỏ len yếm size to,Len,LEN/TY/T,0,0,300.000,222.000
Trà cung đình gói màu xanh G9,"Đồ Ăn, Thức Uống",8938506776032,0,0,90.000,67.000
Xoài phủ Socola đen Marou 100g,"Đồ Ăn, Thức Uống",8938551295304,0,0,165.000,122.000
Socola Milk Chocolate 48% Cacao Marou 80g,"Đồ Ăn, Thức Uống",8938505214467,0,0,140.000,104.000
Socola đen Bến Tre 78% Marou 80g,"Đồ Ăn, Thức Uống",8938505214351,0,0,140.000,104.000
Socola gift set 6x24gr Marou,"Đồ Ăn, Thức Uống",8938505214337,0,0,485.000,359.000
Socola Arabica Coffee Lâm Đồng 64% Marou 24g,"Đồ Ăn, Thức Uống",8938505214672,0,0,85.000,63.000
Socola Milk Chocolate 48% Cacao 24g,"Đồ Ăn, Thức Uống",8938505214474,0,0,70.000,52.000
Tranh đĩa tròn sơn mài phi 30,Hàng Sơn Mài,SM/TR/DTR/30,0,0,300.000,222.000
Bình Sơn Mài sẻ nhí,Hàng Sơn Mài,SM/BSE/S,0,0,300.000,222.000
Bột Cacao nguyên chất 16-18% Heyday,"Đồ Ăn, Thức Uống",8938512644011,0,0,130.000,96.000
Hộp Cacao sữa dừa Heyday,"Đồ Ăn, Thức Uống",8938512644448,0,0,115.000,85.000
Bình Sơn mài Mang cá Picatso trung (28 cm),Hàng Sơn Mài,SM/MCPICATSO/M,0,0,450.000,333.000
Bình sơn mài bánh tiêu cỡ trung,Hàng Sơn Mài,SM/BBTIEU/M,0,0,600.000,444.000
Làn nhựa kt 31x31,"Túi xách, Làn, Ví",LN/31x31,0,0,250.000,185.000
Làn nhựa có khóa đính quả bông,"Túi xách, Làn, Ví",LN/K/QB,0,0,270.000,200.000
Khay mây thảm trai Seal hình chữ nhật KT 37x24,"Khay tre, khảm trai, gỗ",KM/HCN/S37X24,0,0,220.000,163.000
Minion len chân ngắn,Len,LEN/MINIONCN,0,0,100.000,74.000
Lợn len chân ngắn đeo cờ Việt Nam,Len,LEN/LCNDCVN,0,0,200.000,148.000
Mèo len chân ngắn đeo cờ Vệt Nam,Len,LEN/MCNDCVN,0,0,200.000,148.000
Thỏ len chân ngắn,Len,LEN/TCN,0,0,200.000,148.000
Hổ len chân ngắn,Len,LEN/HCN,0,0,200.000,148.000
Gấu len cờ Việt Nam,Len,LEN/GCVN,0,0,200.000,148.000
Thỏ len cờ Việt Nam,Len,LEN/TCVN,0,0,200.000,148.000
Người nhện len,Len,LEN/NN,0,0,220.000,163.000
Minion len,Len,LEN/MINION,0,0,220.000,163.000
Búp bê len hoa mai,Len,LEN/BBHM,0,0,300.000,222.000
Gấu len đeo hũ mật,Len,LEN/GDHM,0,0,200.000,148.000
Thỏ ngực khoang len đeo cà rốt,Len,LEN/TNKDCR,0,0,220.000,163.000
Búp bê len dứa,Len,LEN/BBD,0,0,400.000,296.000
Thỏ len tai dài,Len,LEN/TTD,0,0,400.000,296.000
Búp bê len tóc tết,Len,LEN/BBTT,0,0,400.000,296.000
Mèo len,Len,LEN/M,0,0,220.000,163.000
Helo Kity len ngồi,Len,LEN/HKN,0,0,200.000,148.000
Búp bê len tóc xoăn,Len,LEN/BBTX,0,0,400.000,296.000
Móc khóa len vịt cầm cờ Việt Nam,Len,LEN/MKVCCVN,0,0,50.000,37.000
Xoài Sơn Mài cỡ S (Cao 22 cm),Hàng Sơn Mài,SM/XOAI/S,0,0,320.000,237.000
Bát tô F20 vẽ sen,Hàng Gốm Sứ,T/BTO/SEN/F20,0,0,180.000,133.000
Đĩa mặt trời S2 vẽ hoa CL loại 2,Hàng Gốm Sứ,ADMT01L2,0,0,150.000,111.000
Bát mắm vẽ hoa CL,Hàng Gốm Sứ,ABMAM02,0,0,40.000,30.000
áo cô màu tím size M,Quần Áo,AC/T/M,0,0,2.500.000,1.852.000
GBA Trà hoa nhài,"Đồ Ăn, Thức Uống",8935305200355,0,0,200.000,148.000
MUÔI,Hàng Gốm Sứ,THDMUOI,0,0,100.000,74.000
ÂU CƠM MEN KEM,Hàng Gốm Sứ,T/AU/MK,0,0,280.000,207.000
BÁT TÔ F18 MEN KEM,Hàng Gốm Sứ,T/BT18/MK,0,0,130.000,96.000
BẦU DỤC MÚI S1 MEN KEM,Hàng Gốm Sứ,T/BD30/MK,0,0,200.000,148.000
ĐĨA SAO MEN KEM S1 CL,Hàng Gốm Sứ,T/D/SAO1/MK,0,0,190.000,141.000
ĐĨA VUÔNG F20 MEN KEM,Hàng Gốm Sứ,T/D/V/20/MK,0,0,190.000,141.000
ĐĨA ẢO F20 MEN KEM,Hàng Gốm Sứ,T/D/AO/20/MK,0,0,160.000,119.000
ĐĨA F18 MEN KEM,Hàng Gốm Sứ,T/D18/MK,0,0,95.000,70.000
ĐĨA F16 MEN KEM,Hàng Gốm Sứ,T/D16/MK,0,0,75.000,56.000
BÁT MẮM MEN KEM,Hàng Gốm Sứ,T/BM/MK,0,0,30.000,22.000
cốc CF nắp màu - Finlom xanh,Hàng Gốm Sứ,CFTM02/XN,0,0,120.000,89.000
Cốc CF nắp màu - Finlom đỏ,Hàng Gốm Sứ,CFTM02/D,0,0,120.000,89.000
Gà S2,Hàng Gốm Sứ,GA/3C/S2,0,0,60.000,44.000
Gà S1,Hàng Gốm Sứ,GA/3C/S1,0,0,120.000,89.000
Bình đường hỏa biến sen,Hàng Gốm Sứ,HB/CAM8/SEN,0,0,140.000,104.000
Bộ trang phục nữ Tây Nguyên,Quần Áo,BTP/NU/TN,0,0,1.000.000,741.000
Cốc vuốt ngọc trai,Hàng Gốm Sứ,C/V/NT,0,0,80.000,59.000
Đồ cắt Xì gà COHIBA,"Xì Gà, Thuốc Lá",DCXG,0,0,500.000,370.000
Đĩa Hà Nội F16,Hàng Gốm Sứ,ADF16,0,0,200.000,148.000
Đĩa F22 hỏa biến,Hàng Gốm Sứ,HB/D/F22,0,0,200.000,148.000
Bát tô F13-F14 HB CL,Hàng Gốm Sứ,HB/BT/F13-14,0,0,140.000,104.000
Bát tô F18 HB CL,Hàng Gốm Sứ,HB/BT/F18,0,0,300.000,222.000
Bát cơm trâu sen,Hàng Gốm Sứ,TS/BAT,0,0,40.000,30.000
Khay muối đôi HB sen,Hàng Gốm Sứ,HB/2GVI/SEN,0,0,65.000,48.000
Trà ướp bông sen gói 2 bông,"Đồ Ăn, Thức Uống",TUBS/2,0,0,100.000,74.000
Gạt tàn trâu sen,Hàng Gốm Sứ,TS/GT,0,0,100.000,74.000
Lọ tăm trâu sen,Hàng Gốm Sứ,TS/TAM,0,0,100.000,74.000
AC DL bộ vuông số 2,Hàng Gốm Sứ,TACDL003,0,0,450.000,333.000
Khay vuông gắn trai KT: 17cm,"Khay tre, khảm trai, gỗ",KVGT/17,0,0,170.000,126.000
Đĩa men rạn F26,Hàng Gốm Sứ,MR/D/F26,0,0,280.000,207.000
Bát gáo dừa cô gái xanh dương,Hàng Sơn Mài,SM/BGD/GAI/XD,0,0,50.000,37.000
Túi cỏ bàng trơn,"Túi xách, Làn, Ví",TCBT,0,0,250.000,185.000
Khay chữ nhật gắn trai có tay cầm KT 30x20,"Khay tre, khảm trai, gỗ",KCNGTCTC/30X20,0,0,200.000,148.000
Cà phê Trung Tín hộp hạt Robusta 500gr,"Đồ Ăn, Thức Uống",8936021580127,0,0,300.000,222.000
Cà phê Trung Tín hạt Culi 500gr,"Đồ Ăn, Thức Uống",8936021580110,0,0,300.000,222.000
Cà phê mix A+C+R đã xay gói 200g,"Đồ Ăn, Thức Uống",CP/ACR/DX/200G,0,0,140.000,104.000
Khay tròn gắn trai xếp xoắn KT: F26 cm,"Khay tre, khảm trai, gỗ",KTGTXX/26,0,0,240.000,178.000
Đĩa mây khảm trai miệng xoắn KT: F21,"Khay tre, khảm trai, gỗ",DMKTMX/21,0,0,120.000,89.000
Khay vuông gắn trai KT: 21cm,"Khay tre, khảm trai, gỗ",KVGT/21,0,0,170.000,126.000
Khay chữ nhật gắn trai có tay cầm KT:30x35,"Khay tre, khảm trai, gỗ",KCNGTCTC/30X35,0,0,220.000,163.000
Cà phê mix A+C+R Trung Tín gói 500g,"Đồ Ăn, Thức Uống",CP/ACR/T/500G,0,0,320.000,237.000
Cà phê Arabica Trung Tín gói 500g,"Đồ Ăn, Thức Uống",CP/A/T/500G,0,0,320.000,237.000
Cà phê Robusta Trung Tín gói 500g,"Đồ Ăn, Thức Uống",CP/R/T/500G,0,0,300.000,222.000
Khăn xếp nam xanh dương,Quần Áo,KX/XD,0,0,160.000,119.000
Khay bầu dục gắn trai KT: 17x27,"Khay tre, khảm trai, gỗ",KBDGT/17X27,0,0,160.000,119.000
CAPHE CULI GÓI 200G,"Đồ Ăn, Thức Uống",CP/C/200G,0,0,140.000,104.000
Cà phê Moka Trung Tín gói 500g,"Đồ Ăn, Thức Uống",CP/M/T/500G,0,0,350.000,259.000
Cà phê Robusta mix Arabica Trung Tín gói 500g,"Đồ Ăn, Thức Uống",CP/R/A/T/500G,0,0,320.000,237.000
Mít Sấy gói 250 G,"Đồ Ăn, Thức Uống",MS/250G,0,0,100.000,74.000
CỐC TRỤ MEN XANH HOA ĐÀO,Hàng Gốm Sứ,LBN01/C,0,0,40.000,30.000
Lá tim tam thái,Hàng Gốm Sứ,TDIATL10,0,0,80.000,59.000
Đĩa chấm tam thái các dáng,Hàng Gốm Sứ,TDIATL034,0,0,50.000,37.000
"ẤM TÍCH 0,75L MEN ĐÁ",Hàng Gốm Sứ,AM/0.75L/MD,0,0,500.000,370.000
Đôi đũa thốt nốt,Đũa,DUA/TN/DOI,0,0,20.000,15.000
Đĩa tròn F12 tam thái,Hàng Gốm Sứ,TDIATL02,0,0,40.000,30.000
Đĩa sò tam thái,Hàng Gốm Sứ,TDIATL01,0,0,50.000,37.000
Đĩa lá cl,Hàng Gốm Sứ,TDIATL30,0,0,150.000,111.000
Bình Sake tam thái,Hàng Gốm Sứ,T/SK/3T,0,0,200.000,148.000
Gác thìa cl,Hàng Gốm Sứ,T/GTH/CL,0,0,40.000,30.000
Cốc vẽ cl,Hàng Gốm Sứ,T/COC/CL,0,0,60.000,44.000
Bộ áo dài nam xanh,Quần Áo,BAD/NAM/X,0,0,2.500.000,1.852.000
Giá đũa thờ gỗ,Đũa,G/GDT,0,0,100.000,74.000
Bình rượu Sake HB sen,Hàng Gốm Sứ,SAKE/BR/HB/SEN,0,0,200.000,148.000
Bi đông sen HB,Hàng Gốm Sứ,HB/BD/SEN,0,0,150.000,111.000
Bi đông tròn sen HB,Hàng Gốm Sứ,HB/BD/TR/SEN,0,0,200.000,148.000
Lọ vuốt sen HB,Hàng Gốm Sứ,HB/L/V/SEN,0,0,180.000,133.000
Kỷ tử đỏ gói 400g,"Đồ Ăn, Thức Uống",KTD/400G,0,0,120.000,89.000
Túi đeo vai thổ cẩm,"Túi xách, Làn, Ví",TUI/THOCAM,0,0,180.000,133.000
Cà phê Robusta 500g,"Đồ Ăn, Thức Uống",CP/R/500G,0,0,300.000,222.000
Đèn khung sắt hình tỏi 5 màu KT: 14x22,Đèn lồng,DKS/TOI/5M,0,0,100.000,74.000
Đèn khung sắt hình tròn KT phi: 16x16,Đèn lồng,DKS/TRON,0,0,100.000,74.000
Đèn khung sắt hình trụ màu đỏ,Đèn lồng,DKS/TRU/DO,0,0,100.000,74.000
Đèn khung sắt hình tỏi phi 14x22,Đèn lồng,DKS/TOI,0,0,100.000,74.000
Đèn khung sắt hình trụ 4 màu phi: 13x22,Đèn lồng,DKS/TRU/4M,0,0,100.000,74.000
Bộ ấm chén quai đồng men kem,Hàng Gốm Sứ,TACHD002,0,0,500.000,370.000
Làn cói to dây trang trí KT 38x 30x 12,"Túi xách, Làn, Ví",MY/ LAN/01,0,0,170.000,126.000
Làn tre KT: 14x16x18,"Túi xách, Làn, Ví",MTT/LA/TRE,0,0,350.000,259.000
Lọ mini các loại,Hàng Gốm Sứ,TMQLH01,0,0,50.000,37.000
Tích lộc s2 phù dung v.v,Hàng Gốm Sứ,BTLV2826002,0,0,35.000.000,25.926.000
Kệ bày quạt ( nhựa trắng),Thủ công mỹ nghệ,TKC/KBQ,0,0,70.000,52.000
Phin cà phê Kim Hằng màu đen F7,Phin CF,PCP/KH/DEN/7,0,0,120.000,89.000
Bộ AC men gấm các loại,Hàng Gốm Sứ,T/AC/GAM/CL,0,0,1.200.000,889.000
Nụ vối,"Đồ Ăn, Thức Uống",NVOI,0,0,50.000,37.000
Đường phèn,"Đồ Ăn, Thức Uống",D/PHEN,0,0,40.000,30.000
"Trà tôm nõn Thái Nguyên loại 20 ấm vỏ đỏ, vàng","Đồ Ăn, Thức Uống",TRA/TN/20A/DV,0,0,750.000,556.000
Trà đinh đặc biệt Thái Nguyên loại 10 ấm vỏ xanh nõn chuối,"Đồ Ăn, Thức Uống",TRA/DB/10A/XNC,0,0,400.000,296.000
Hạt điều bóc vỏ gói 500g,"Đồ Ăn, Thức Uống",H/DIEU/BV/G/500G,0,0,170.000,126.000
Hạt điều bóc vỏ lọ 500g,"Đồ Ăn, Thức Uống",HDBV/500G,0,0,180.000,133.000
Hộp cà phê Đà Lạt Star Kitchen,"Đồ Ăn, Thức Uống",8938532872548,0,0,150.000,111.000
Hạt hạnh nhân rang bơ,"Đồ Ăn, Thức Uống",HHNHAN/RB,0,0,60.000,44.000
Hạt hạnh nhân,"Đồ Ăn, Thức Uống",HHNHAN,0,0,60.000,44.000
Cốc CF loe,Hàng Gốm Sứ,CF/CL/5M,0,0,60.000,44.000
Cốc vuốt chấm có quai,Hàng Gốm Sứ,HB/C/VC/Q,0,0,90.000,67.000
Cốc vuốt chấm,Hàng Gốm Sứ,HB/C/VC/5M,0,0,80.000,59.000
Cốc béo sen HB CL,Hàng Gốm Sứ,HB/C/TO/SEN,0,0,80.000,59.000
Bộ nón lá 5 cái loại to,"Nón, Nón treo",NL/ 5,0,0,150.000,111.000
Bộ nón lá 5 cái loại nhỏ,"Nón, Nón treo",NL/5/S,0,0,60.000,44.000
Hộp giấy ăn vuông SM gắn trai kiểu chỉ,Hàng Sơn Mài,SM/TRAI/HGAV/C,0,0,200.000,148.000
Bút chì 3 Silicon,Thủ công mỹ nghệ,BC3S,0,0,100.000,74.000
Sổ gỗ 3D,Thủ công mỹ nghệ,SG/3D,0,0,100.000,74.000
Sổ mành,Thủ công mỹ nghệ,SO/M,0,0,60.000,44.000
Túi cói đeo vai kẻ ngang đính quả gỗ KT: 36x40,"Túi xách, Làn, Ví",TCDVKNDQG,0,0,250.000,185.000
Túi cói đeo vai kẻ ngang KT: 21x32,"Túi xách, Làn, Ví",TCDVKN,0,0,180.000,133.000
Túi cói đeo vai KT: 21x 31,"Túi xách, Làn, Ví",PVN438,0,0,200.000,148.000
Túi cói phong bì tua rua,"Túi xách, Làn, Ví",TCPBTR,0,0,150.000,111.000
Túi cói quai da KT: 40x44,"Túi xách, Làn, Ví",PVN440,0,0,260.000,193.000
Túi cói tròn phi 43,"Túi xách, Làn, Ví",TCT/43,0,0,280.000,207.000
Túi cói tròn phi 43,"Túi xách, Làn, Ví",PVN441,0,0,280.000,207.000
Túi xách ô van xếp xoắn mây KT: 22x10x17,"Túi xách, Làn, Ví",TXOVXXM,0,0,550.000,407.000
Túi xách vải dù lượn sóng KT: 20x31,"Túi xách, Làn, Ví",TXVDLS,0,0,180.000,133.000
Cà phê C + Bạc Xỉu,"Đồ Ăn, Thức Uống",CPC/CF/BX,0,0,70.000,52.000
Cà phê phin giấy Xã Hội,"Đồ Ăn, Thức Uống",CPC/CF/XH/F,0,0,130.000,96.000
Cà phê Túi lọc Xã Hội,"Đồ Ăn, Thức Uống",CPC/CF/XH/L,0,0,90.000,67.000
Cà phê phin giấy Chủ Nghĩa,"Đồ Ăn, Thức Uống",CPC/CF/CN/F,0,0,130.000,96.000
Cà phê túi lọc Chủ Nghĩa,"Đồ Ăn, Thức Uống",CPC/CF/CN/L,0,0,90.000,67.000
Cà phê phin giấy Độc Lập,"Đồ Ăn, Thức Uống",CPC/CF/DL/P,0,0,130.000,96.000
Cà phê phin giấy phở Việt Nam,"Đồ Ăn, Thức Uống",CPC/CF/PVN/F,0,0,140.000,104.000
Khay tre cỡ to,"Khay tre, khảm trai, gỗ",KTM02,0,0,100.000,74.000
Khay tre cỡ nhỏ,"Khay tre, khảm trai, gỗ",KTM01,0,0,80.000,59.000
KHAY TRE CỠ NHỠ,"Khay tre, khảm trai, gỗ",KTM04,0,0,90.000,67.000
Bánh nón lá Star Kitchen (Black Pepper),"Đồ Ăn, Thức Uống",8938532872036,0,0,150.000,111.000
Bánh nón lá Star Kitchen (Cashew nut),"Đồ Ăn, Thức Uống",8938532872135,0,0,150.000,111.000
Bánh nón lá Star Kitchen (Coconut Coffee),"Đồ Ăn, Thức Uống",8938532872012,0,0,150.000,111.000
Bánh mì Rusk (hộp 6 cái),"Đồ Ăn, Thức Uống",8938532872524,0,0,100.000,74.000
Bánh mì Rusk (hộp 18 cái),"Đồ Ăn, Thức Uống",8938532872531,0,0,250.000,185.000
Bánh quy Chuối Sài gòn Star Kitchen,"Đồ Ăn, Thức Uống",8938532872579,0,0,220.000,163.000
Chả giò tôm Star Kichen,"Đồ Ăn, Thức Uống",8938532872807,0,0,150.000,111.000
Bộ AC tròn men kem vẽ CL,Hàng Gốm Sứ,TACHD004,0,0,600.000,444.000
Cà phê hòa tan G7 288g/ hộp vuông x18 gói,"Đồ Ăn, Thức Uống",8935024122310,0,0,60.000,44.000
MR.VIET Xoài Sấy Với Sôcôla Đen & Cà Phê (MR.VIET Dried Mango Dark Chocolate & Coffee),"Đồ Ăn, Thức Uống",8936135431698,0,0,120.000,89.000
MR.VIET Milk Chocolate Almonds and Raisins 80g (MR.VIET Sô cô la Sữa Hạnh nhân và Nho khô 80g),"Đồ Ăn, Thức Uống",8936135433432,0,0,130.000,96.000
MR.VIET Dark Chocolate & Macadamia 80g (MR.VIET Sô cô la Đen & Mắc ca 80g),"Đồ Ăn, Thức Uống",8936135433449,0,0,130.000,96.000
MR.VIET Cà Phê Hoà Tan Nhân Sâm (MR.VIET Ginseng Instant Coffee),"Đồ Ăn, Thức Uống",8936135431803,0,0,130.000,96.000
Lọ chum sơn mài 22 cm,Hàng Sơn Mài,SM/CHUM/22,0,0,280.000,207.000
Lọ hoa gỗ sơn mài 18 cm,Hàng Sơn Mài,SM/G/LHOA/18,0,0,300.000,222.000
Đĩa vuông sơn mài cô gái xanh cốm size L,Hàng Sơn Mài,SM/DV/XC/G/L,0,0,120.000,89.000
Đĩa vuông sơn mài cô gái xanh dương size L,Hàng Sơn Mài,SM/DV/XD/G/L,0,0,120.000,89.000
Đĩa vuông sơn mài cô gái xanh dương size S,Hàng Sơn Mài,SM/DV/XD/G/S,0,0,100.000,74.000
Tranh sơn mài đám cưới chuột,Hàng Sơn Mài,SM/TR/DHO,0,0,500.000,370.000
Lọ gốm mai,Hàng Gốm Sứ,TLHGM01,0,0,500.000,370.000
Lọ hoa 3D các loại,Hàng Gốm Sứ,TTALH12,0,0,1.000.000,741.000
Lọ hoa các loại 015,Hàng Gốm Sứ,TLHDG015,0,0,350.000,259.000
LỌ HOA MEN HB CÁC LOẠI,Hàng Gốm Sứ,T/LH/HB/CL,0,0,500.000,370.000
LỌ GIỌT MƯA S1,Hàng Gốm Sứ,T/TT/LH001/S1/N,0,0,500.000,370.000
Gạt tàn TTS,Hàng Gốm Sứ,TTS/GT,0,0,200.000,148.000
Lọ tăm TTS,Hàng Gốm Sứ,TTS/TAM,0,0,150.000,111.000
Nón bọc vải lụa 2 mặt phi 43,"Nón, Nón treo",NBVL/2/43,0,0,400.000,296.000
Tranh sơn mài vuông cong 30x30,Hàng Sơn Mài,SM/TR/VC30,0,0,350.000,259.000
Đĩa vuông sơn mài hình lá size M,Hàng Sơn Mài,SM/D/V/LA/M,0,0,110.000,81.000
Đĩa vuông sơn mài hình lá size L,Hàng Sơn Mài,SM/D/V/LA/L,0,0,120.000,89.000
Đĩa vuông sơn mài hình cô gái size S,Hàng Sơn Mài,SM/D/V/G/S,0,0,100.000,74.000
Đĩa vuông sơn mài hình cô gái size L,Hàng Sơn Mài,SM/D/V/G/L,0,0,120.000,89.000
Khay chữ nhật gắn trai KT: 26x35,"Khay tre, khảm trai, gỗ",KCNGT/26X35,0,0,220.000,163.000
Khay bầu dục gắn trai KT 21x30,"Khay tre, khảm trai, gỗ",KBDGT/21x30,0,0,250.000,185.000
Khay bầu dục gắn trai KT 23x35,"Khay tre, khảm trai, gỗ",KBDGT/23x35,0,0,180.000,133.000
Bộ AC HL trăng vàng to,Hàng Gốm Sứ,TACHL029,0,0,800.000,593.000
Bộ AC nâu ganh quai việt,Hàng Gốm Sứ,TACHL017,0,0,800.000,593.000
Khay bầu dục gắn trai có quai KT: 24 x 37,"Khay tre, khảm trai, gỗ",KBDCQ/24X37,-1,0,180.000,133.000
Khay chữ nhật gắn trai có tay cầm KT:25X35,"Khay tre, khảm trai, gỗ",KCNGTCTC/25X35,-1,0,200.000,148.000
Nón Huế trơn trẻ em phi 34,"Nón, Nón treo",NHTTE/34,-1,0,60.000,44.000
Đĩa vuông sơn mài cô gái xanh dương size M,Hàng Sơn Mài,SM/DV/XD/G/M,-1,0,110.000,81.000
Nón cỏ bàng vẽ nổi phi 41,"Nón, Nón treo",NCBVN/41,-1,0,350.000,259.000
CHÂN KÊ ĐĨA GỖ 23-24 CM,Thủ công mỹ nghệ,CKD/23-24,-1,0,70.000,52.000
Bộ ac Hl nâu hoa chìm,Hàng Gốm Sứ,TACHL027,-1,0,800.000,593.000
Đĩa F22 trâu sen,Hàng Gốm Sứ,TS/D/F22,-2,0,200.000,148.000
